cluster_number,wealth_index,education_completed_yrs,electricity_access
1,-31881.608695652172,9.391304347826088,0.9130434782608695
2,-2855.375,9.708333333333334,0.9583333333333334
3,-57647.04761904762,8.428571428571429,0.8571428571428571
4,-54952.666666666664,6.714285714285714,0.8095238095238095
5,-77819.16,8.24,0.92
6,-80701.69565217392,8.08695652173913,0.8695652173913043
7,-62490.53846153846,7.5,0.8076923076923077
8,-80889.66666666667,4.958333333333333,0.9583333333333334
9,-77994.52,6.64,0.8
10,-135511.96153846153,5.153846153846154,0.34615384615384615
11,-107304.25,6.166666666666667,0.7083333333333334
12,-131172.08333333334,5.708333333333333,0.5
13,76253.0,13.3,1.0
14,-32643.821428571428,10.785714285714286,1.0
15,-8792.869565217392,14.73913043478261,1.0
16,-39917.13043478261,5.956521739130435,1.0
17,17931.157894736843,10.947368421052632,0.9473684210526315
18,59813.11111111111,11.722222222222221,1.0
19,-58036.77272727273,8.318181818181818,0.9545454545454546
20,-104656.42857142857,4.5476190476190474,0.9761904761904762
21,-75593.73076923077,6.461538461538462,0.7307692307692307
22,-70545.11538461539,9.461538461538462,1.0
23,-103012.5,4.25,0.9
24,-99201.13888888889,5.833333333333333,0.9722222222222222
25,-78596.53846153847,5.1923076923076925,0.9230769230769231
26,-89828.42307692308,8.384615384615385,1.0
27,-97502.06666666667,4.7,1.0
28,-63225.86111111111,9.527777777777779,1.0
29,-88367.92307692308,5.961538461538462,1.0
30,-137765.72413793104,1.8620689655172413,0.8620689655172413
31,-65574.53846153847,6.576923076923077,0.8846153846153846
32,-73487.57692307692,5.653846153846154,0.9615384615384616
33,-104029.37931034483,5.793103448275862,0.7586206896551724
34,-83074.0,7.115384615384615,0.9615384615384616
35,-103182.5172413793,5.896551724137931,0.6896551724137931
36,-107396.46153846153,5.115384615384615,0.7692307692307693
37,-55420.275862068964,6.206896551724138,0.9310344827586207
38,-64695.346153846156,9.0,0.6923076923076923
39,-164958.92307692306,6.153846153846154,0.15384615384615385
40,-123934.31428571428,5.257142857142857,0.8285714285714286
41,-59945.07692307692,6.230769230769231,0.9615384615384616
42,-101041.84615384616,4.6923076923076925,0.9615384615384616
43,842.7692307692307,8.038461538461538,0.9615384615384616
44,81560.35,12.6,1.0
45,6491.833333333333,8.666666666666666,0.9333333333333333
46,69627.05,11.2,0.95
47,-25371.45,7.55,0.95
48,-49772.68,8.48,0.96
49,-119870.4074074074,4.296296296296297,0.5925925925925926
50,-127733.86206896552,2.896551724137931,0.6206896551724138
51,-78682.24,7.6,0.6
52,-142176.6923076923,5.115384615384615,0.7307692307692307
53,-167231.5185185185,2.7037037037037037,0.5925925925925926
54,-86696.23076923077,4.8076923076923075,0.7307692307692307
55,-149848.11538461538,1.9230769230769231,0.5769230769230769
56,-131919.5,2.857142857142857,0.6428571428571429
57,-78232.5,9.26923076923077,1.0
58,-150667.53846153847,2.576923076923077,0.8076923076923077
59,-148128.5357142857,4.071428571428571,0.07142857142857142
60,-17651.75,11.8125,1.0
61,-47601.0,5.809523809523809,0.8095238095238095
62,-105186.8125,6.4375,0.8125
63,-62318.5,9.583333333333334,0.875
64,-120054.80952380953,5.333333333333333,0.6190476190476191
65,-59755.380952380954,10.0,1.0
66,26319.5,14.0,1.0
67,-145664.72222222222,5.0,0.2777777777777778
68,-111110.15,7.3,0.65
69,14871.047619047618,12.428571428571429,1.0
70,-101645.36363636363,7.409090909090909,0.9090909090909091
71,-104518.18181818182,9.0,0.5454545454545454
72,-62593.529411764706,9.352941176470589,0.7647058823529411
73,-18345.16,10.56,0.96
74,65167.63636363636,11.818181818181818,0.9545454545454546
75,19911.347826086956,9.565217391304348,0.9130434782608695
76,29942.0,10.476190476190476,0.9047619047619048
77,-34387.05,8.7,1.0
78,-30335.782608695652,9.08695652173913,0.9130434782608695
79,-26637.88,8.44,0.92
80,23827.333333333332,9.458333333333334,0.9583333333333334
81,-17866.625,10.541666666666666,0.9166666666666666
82,61470.95,11.8,1.0
83,-46427.04,9.28,0.76
84,-31794.947368421053,14.105263157894736,0.8947368421052632
85,-1679.7272727272727,14.090909090909092,0.9545454545454546
86,-102830.45454545454,10.409090909090908,0.8636363636363636
87,-34295.63636363636,7.7727272727272725,0.7727272727272727
88,-32643.416666666668,9.458333333333334,0.7916666666666666
89,-58278.72,5.28,0.96
90,-50967.69565217391,7.956521739130435,0.8695652173913043
91,-88621.8,6.1,0.7
92,-75633.66666666667,10.041666666666666,0.7916666666666666
93,-55378.13636363636,7.636363636363637,0.6818181818181818
94,-23853.153846153848,9.23076923076923,0.8461538461538461
95,-95034.44,8.68,0.4
96,67020.4,13.3,1.0
97,86786.75,12.3,1.0
98,89351.9,11.4,1.0
99,84762.25,12.25,1.0
100,104324.7,12.65,1.0
101,97442.75,10.85,1.0
102,87923.1,12.15,1.0
103,94935.7,11.95,1.0
104,65269.692307692305,10.423076923076923,1.0
105,61377.0,12.307692307692308,1.0
106,258.7692307692308,8.576923076923077,0.9615384615384616
107,74435.48148148147,11.703703703703704,0.9629629629629629
108,114194.57692307692,20.192307692307693,1.0
109,83401.23076923077,12.23076923076923,0.9615384615384616
110,50898.653846153844,10.076923076923077,0.9230769230769231
111,49818.57692307692,8.26923076923077,1.0
112,-67146.76923076923,4.5,0.8076923076923077
113,60018.57692307692,10.0,1.0
114,64846.5,9.653846153846153,0.9615384615384616
115,64637.692307692305,11.461538461538462,1.0
116,-20793.076923076922,8.384615384615385,0.8846153846153846
117,-91277.92307692308,4.6923076923076925,1.0
118,-91392.23076923077,6.230769230769231,0.9230769230769231
119,87068.61538461539,12.615384615384615,1.0
120,-49488.730769230766,5.730769230769231,1.0
121,-54604.46153846154,6.884615384615385,0.9230769230769231
122,-24135.884615384617,6.769230769230769,1.0
123,-62427.807692307695,6.076923076923077,0.9615384615384616
124,-70464.0,5.461538461538462,1.0
125,106722.07692307692,13.76923076923077,1.0
126,-18590.076923076922,8.615384615384615,1.0
127,-23317.96153846154,8.615384615384615,1.0
128,27533.76,8.12,0.96
129,7508.315789473684,10.210526315789474,1.0
130,-63780.52173913043,8.304347826086957,0.8260869565217391
131,-83963.45454545454,4.454545454545454,0.7727272727272727
132,-46424.5,5.7272727272727275,0.9090909090909091
133,-91342.94736842105,6.0,1.0
134,17766.260869565216,9.826086956521738,0.9565217391304348
135,-105652.15,7.5,0.95
136,-27165.090909090908,7.590909090909091,0.8636363636363636
137,35590.96,9.04,1.0
138,14379.84,9.0,0.96
139,-31467.809523809523,6.523809523809524,0.9523809523809523
140,-20202.884615384617,9.115384615384615,1.0
141,-66567.5,4.0625,1.0
142,-88852.30769230769,6.576923076923077,1.0
143,-20933.619047619046,7.190476190476191,1.0
144,-8124.653846153846,7.730769230769231,1.0
145,1876.125,10.041666666666666,1.0
146,-16609.055555555555,11.166666666666666,1.0
147,-82420.61538461539,6.6923076923076925,1.0
148,-50856.230769230766,7.615384615384615,1.0
149,-43846.5,7.136363636363637,1.0
150,-21690.1,7.7,1.0
151,-10871.521739130434,7.782608695652174,1.0
152,115677.0,13.411764705882353,0.8823529411764706
153,-3334.8333333333335,9.166666666666666,0.8888888888888888
154,23845.941176470587,9.647058823529411,1.0
155,35008.82352941176,10.764705882352942,0.9411764705882353
156,75826.1052631579,10.263157894736842,1.0
157,44885.68421052631,10.263157894736842,0.8947368421052632
158,30783.555555555555,10.38888888888889,1.0
159,-65067.0,8.066666666666666,0.9333333333333333
160,2017.2608695652175,10.478260869565217,0.8695652173913043
161,-52344.217391304344,9.0,0.8695652173913043
162,-44459.913043478264,8.608695652173912,0.9130434782608695
163,37682.153846153844,10.846153846153847,0.9230769230769231
164,-24920.625,9.083333333333334,0.7916666666666666
165,-58230.608695652176,8.565217391304348,0.8260869565217391
166,28738.727272727272,9.363636363636363,0.8636363636363636
167,-40092.84,9.12,0.8
168,-66313.2,5.8,1.0
169,88146.16666666667,11.791666666666666,1.0
170,-30556.954545454544,9.045454545454545,0.8181818181818182
171,-58967.86363636364,7.409090909090909,0.9545454545454546
172,-25267.875,8.291666666666666,0.8333333333333334
173,-49397.857142857145,8.857142857142858,1.0
174,-70209.5,5.458333333333333,0.625
175,-66833.24,6.84,0.8
176,-37525.84,8.84,0.88
177,-90917.04545454546,7.409090909090909,0.5909090909090909
178,-13688.192307692309,8.76923076923077,0.9615384615384616
179,-89479.30434782608,7.521739130434782,0.6521739130434783
180,-84832.16666666667,6.333333333333333,0.75
181,40192.125,10.333333333333334,0.9583333333333334
182,42234.36,10.84,0.84
183,-103741.09523809524,7.190476190476191,0.5238095238095238
184,-20564.32,8.32,0.92
185,16875.0,9.434782608695652,0.9565217391304348
186,-42180.07692307692,6.730769230769231,1.0
187,-49910.705882352944,6.352941176470588,0.9411764705882353
188,41035.565217391304,9.565217391304348,1.0
189,-40840.791666666664,5.666666666666667,1.0
190,-15624.952380952382,9.285714285714286,0.9047619047619048
191,2995.7391304347825,8.217391304347826,0.9130434782608695
192,-63723.08,6.08,0.96
193,-3157.35,6.35,0.95
194,-80046.53846153847,4.615384615384615,0.7692307692307693
195,35126.05263157895,10.631578947368421,0.9473684210526315
196,71349.03846153847,10.423076923076923,0.9615384615384616
197,31037.458333333332,10.208333333333334,0.9583333333333334
198,-38080.03703703704,7.148148148148148,0.8888888888888888
199,-36636.17391304348,7.043478260869565,1.0
200,-28877.833333333332,9.166666666666666,0.9583333333333334
201,-22545.846153846152,9.346153846153847,0.9615384615384616
202,76361.24137931035,12.206896551724139,0.9655172413793104
203,24731.16,11.28,0.96
204,-17016.869565217392,7.608695652173913,0.9565217391304348
205,23166.5,12.708333333333334,1.0
206,-15441.692307692309,7.846153846153846,0.9230769230769231
207,-46505.25,6.708333333333333,0.9166666666666666
208,-3415.9166666666665,9.958333333333334,0.875
209,-34717.5,7.2,0.95
210,-14565.894736842105,8.526315789473685,0.8947368421052632
211,89604.58333333333,11.708333333333334,1.0
212,-56128.84,5.92,0.84
213,-78757.85714285714,5.571428571428571,0.9047619047619048
214,15775.35,9.9,1.0
215,-58412.04347826087,7.3478260869565215,0.9130434782608695
216,-41202.7,7.2,1.0
217,62558.0,10.44,0.96
218,-53293.333333333336,6.458333333333333,0.9166666666666666
219,-99744.25,7.625,0.7916666666666666
220,97456.46666666666,11.6,1.0
221,94523.75,11.05,1.0
222,66907.23809523809,10.523809523809524,0.9047619047619048
223,78759.3,10.95,0.95
224,62314.7,8.65,0.95
225,104213.5,11.45,1.0
226,112627.90476190476,12.095238095238095,1.0
227,40275.782608695656,10.826086956521738,0.9565217391304348
228,49376.92,10.76,0.92
229,92028.72727272728,11.409090909090908,1.0
230,76162.54545454546,10.772727272727273,1.0
231,91283.9,11.1,1.0
232,95737.25,11.1,1.0
233,65037.0,11.25,1.0
234,36266.15,10.65,1.0
235,47710.2,9.85,1.0
236,192056.9411764706,14.176470588235293,1.0
237,75724.8,11.533333333333333,1.0
238,59145.10526315789,10.31578947368421,1.0
239,48726.0,9.8,1.0
240,169458.33333333334,13.666666666666666,1.0
241,74179.2,10.15,1.0
242,150971.0625,13.6875,1.0
243,47736.07142857143,10.571428571428571,1.0
244,93716.05263157895,12.947368421052632,1.0
245,213721.38461538462,14.846153846153847,1.0
246,144913.6,13.95,1.0
247,141029.52631578947,13.368421052631579,1.0
248,139322.3,13.95,1.0
249,129951.78947368421,13.473684210526315,1.0
250,65804.63157894737,10.947368421052632,1.0
251,109791.86956521739,11.391304347826088,1.0
252,173889.75,14.5,1.0
253,195758.72727272726,15.181818181818182,1.0
254,52832.086956521736,10.782608695652174,1.0
255,77032.1,10.4,1.0
256,135271.45454545456,14.636363636363637,1.0
257,122731.46666666666,12.733333333333333,1.0
258,136444.63157894736,13.68421052631579,1.0
259,69746.5,10.055555555555555,0.9444444444444444
260,122024.24,12.64,1.0
261,92997.4,11.95,1.0
262,140020.36842105264,12.68421052631579,1.0
263,114476.4,14.533333333333333,1.0
264,72425.26086956522,13.434782608695652,1.0
265,168446.5294117647,13.529411764705882,1.0
266,96009.35,12.0,1.0
267,131238.46153846153,14.692307692307692,1.0
268,159476.3125,14.1875,1.0
269,143001.15384615384,12.846153846153847,1.0
270,133261.35,12.95,1.0
271,80809.33333333333,11.571428571428571,1.0
272,146639.17647058822,18.11764705882353,1.0
273,117078.84210526316,12.631578947368421,1.0
274,94995.83333333333,12.5,1.0
275,86658.68421052632,10.894736842105264,1.0
276,48097.9,11.5,1.0
277,220884.25,19.4,1.0
278,64009.68421052631,12.947368421052632,1.0
279,21589.8,10.1,1.0
280,110762.7,11.2,1.0
281,67430.23809523809,11.19047619047619,1.0
282,119871.25,12.35,1.0
283,71075.26086956522,9.304347826086957,1.0
284,61016.47368421053,8.631578947368421,1.0
285,-8930.26923076923,7.1923076923076925,1.0
286,107877.90909090909,11.863636363636363,1.0
287,15245.347826086956,8.130434782608695,0.9565217391304348
288,61988.954545454544,10.5,1.0
289,86043.41176470589,10.941176470588236,1.0
290,18957.05,8.0,1.0
291,12948.416666666666,8.958333333333334,1.0
292,186924.46666666667,14.066666666666666,1.0
293,85412.5,11.7,1.0
294,61425.05,10.9,1.0
295,78821.57142857143,13.142857142857142,1.0
296,181234.77777777778,13.222222222222221,1.0
297,97139.83333333333,11.5,1.0
298,57693.05,9.95,1.0
299,87002.7,11.0,1.0
300,33595.619047619046,10.666666666666666,0.9047619047619048
302,67546.125,15.25,1.0
303,76900.57142857143,10.666666666666666,1.0
304,96854.21052631579,11.31578947368421,1.0
305,66771.65,10.7,1.0
306,80576.88888888889,11.61111111111111,1.0
307,24905.428571428572,8.5,1.0
308,128042.5,12.38888888888889,1.0
309,107454.1,12.0,1.0
310,67253.52631578948,11.31578947368421,1.0
311,179971.55,13.7,0.95
312,140285.8947368421,13.421052631578947,1.0
313,104759.1,11.2,1.0
314,85594.65217391304,11.73913043478261,1.0
315,83715.94736842105,10.894736842105264,1.0
316,109741.95,12.1,1.0
317,32781.47619047619,10.0,0.9523809523809523
318,100814.0,11.133333333333333,1.0
319,174745.375,13.5,1.0
320,188874.0,15.0,1.0
321,76981.68181818182,11.045454545454545,0.9545454545454546
322,173558.55555555556,14.833333333333334,1.0
323,34230.11111111111,10.277777777777779,0.8888888888888888
324,37726.45,10.25,1.0
325,147935.7857142857,13.571428571428571,1.0
326,71052.73684210527,10.894736842105264,1.0
327,96361.70833333333,15.625,1.0
328,138830.66666666666,12.61111111111111,1.0
329,74816.08695652174,11.26086956521739,0.9565217391304348
330,175912.44444444444,13.777777777777779,1.0
331,166948.44444444444,14.166666666666666,1.0
332,107424.86956521739,12.73913043478261,0.9565217391304348
333,106643.22727272728,12.0,0.9090909090909091
334,88749.1052631579,11.947368421052632,1.0
335,128693.55555555556,11.833333333333334,1.0
336,84927.15,10.9,1.0
337,86657.09090909091,11.227272727272727,1.0
338,102632.76190476191,12.285714285714286,1.0
339,66962.44444444444,10.333333333333334,0.9629629629629629
340,100073.80952380953,10.619047619047619,0.9523809523809523
341,69558.66666666667,11.380952380952381,0.9523809523809523
342,113518.63636363637,11.909090909090908,0.9545454545454546
343,123472.0,10.555555555555555,1.0
344,63415.0,11.7,0.85
345,62687.458333333336,10.291666666666666,0.9583333333333334
346,33453.95238095238,10.761904761904763,1.0
347,-20544.3,9.6,0.95
348,-17146.833333333332,9.277777777777779,1.0
349,-23546.8,9.4,0.95
350,-55198.77272727273,7.2272727272727275,0.9545454545454546
351,-58230.916666666664,5.75,0.9583333333333334
352,-30308.625,8.791666666666666,0.9166666666666666
353,-64673.63636363636,6.7272727272727275,0.9545454545454546
354,-164734.91304347827,2.782608695652174,0.6521739130434783
355,1749.9166666666667,10.208333333333334,0.9166666666666666
356,71298.91304347826,12.782608695652174,1.0
357,-51819.68,8.72,0.96
358,156897.0625,13.625,1.0
359,-19604.782608695652,9.521739130434783,0.9565217391304348
360,3223.478260869565,9.956521739130435,1.0
361,52849.705882352944,10.294117647058824,0.9411764705882353
362,125271.92857142857,12.071428571428571,1.0
363,29162.333333333332,9.833333333333334,1.0
364,43582.444444444445,9.944444444444445,1.0
365,-17337.933333333334,9.066666666666666,1.0
366,91534.76923076923,11.384615384615385,1.0
367,147047.16666666666,14.25,1.0
368,82210.06666666667,12.666666666666666,1.0
369,2366.25,9.5,0.875
370,154762.5,13.7,1.0
371,-57168.882352941175,8.647058823529411,1.0
372,3586.5714285714284,8.571428571428571,0.8571428571428571
373,34206.5,10.65,0.95
374,11606.47619047619,8.285714285714286,0.9047619047619048
375,29064.0,9.333333333333334,1.0
376,-51099.565217391304,5.565217391304348,0.7391304347826086
377,94323.26315789473,11.263157894736842,1.0
378,-55253.77272727273,6.545454545454546,0.8636363636363636
379,-25044.0,5.555555555555555,0.8888888888888888
380,-22097.238095238095,8.285714285714286,0.9047619047619048
381,-61138.619047619046,5.571428571428571,0.9523809523809523
382,-131010.1052631579,4.2105263157894735,0.21052631578947367
383,41157.0,9.5,0.9090909090909091
384,-15531.285714285714,8.095238095238095,0.9047619047619048
385,-108132.28571428571,3.5714285714285716,0.19047619047619047
386,33653.0,8.521739130434783,0.9565217391304348
387,35672.56,10.08,1.0
388,32203.46153846154,7.230769230769231,1.0
389,50831.333333333336,11.2,1.0
390,73691.28,8.12,1.0
391,23821.47619047619,8.476190476190476,0.9523809523809523
392,129365.13043478261,13.0,1.0
393,23761.625,10.416666666666666,0.875
394,117566.52173913043,10.565217391304348,0.9565217391304348
395,18831.04,8.08,1.0
396,9332.074074074075,7.407407407407407,0.9629629629629629
397,79277.15384615384,10.153846153846153,1.0
398,68617.36363636363,8.545454545454545,1.0
399,29328.545454545456,11.454545454545455,0.9545454545454546
400,-23625.35,7.9,1.0
401,67406.08,10.52,0.96
402,18617.96,9.28,1.0
403,52240.375,10.083333333333334,1.0
404,41964.04347826087,10.217391304347826,1.0
405,138422.83333333334,11.777777777777779,1.0
406,102529.26315789473,11.947368421052632,1.0
407,36888.454545454544,9.772727272727273,1.0
408,34265.375,8.083333333333334,1.0
409,-10979.052631578947,5.631578947368421,1.0
410,70591.86363636363,10.227272727272727,1.0
411,-3083.76,9.96,1.0
412,-28456.0,7.96,0.92
413,7930.277777777777,9.222222222222221,0.9444444444444444
414,20654.608695652172,9.73913043478261,0.9565217391304348
415,19587.521739130436,8.391304347826088,0.9130434782608695
416,111760.25,11.625,0.875
417,3551.4583333333335,8.166666666666666,0.875
418,103794.08695652174,12.782608695652174,1.0
419,-76698.0,6.923076923076923,0.8846153846153846
420,4724.0,8.958333333333334,0.9166666666666666
421,25483.333333333332,10.0,0.9629629629629629
422,51619.217391304344,10.434782608695652,1.0
423,2734.5,8.875,0.9166666666666666
424,18880.346153846152,9.615384615384615,1.0
425,103751.73684210527,12.210526315789474,1.0
426,36874.77272727273,10.909090909090908,1.0
427,7844.777777777777,9.0,0.9629629629629629
428,67153.13043478261,11.478260869565217,0.9130434782608695
429,25182.416666666668,10.25,0.9166666666666666
430,44553.045454545456,11.0,1.0
431,5937.65,9.35,1.0
432,-18499.75,8.833333333333334,0.9166666666666666
433,-34382.217391304344,8.956521739130435,0.9130434782608695
434,106340.52631578948,12.631578947368421,1.0
435,-12791.869565217392,8.826086956521738,0.9565217391304348
436,92266.0,12.130434782608695,1.0
437,87688.95238095238,11.333333333333334,1.0
438,91036.6,12.85,1.0
439,58356.23809523809,9.380952380952381,1.0
440,117893.95,13.8,1.0
441,56001.3,12.65,0.95
442,74045.625,9.5625,0.9375
443,72673.45454545454,11.545454545454545,1.0
444,86029.8947368421,12.105263157894736,1.0
445,77072.08333333333,11.791666666666666,0.9583333333333334
446,33535.27272727273,10.227272727272727,0.9090909090909091
447,-20079.5,9.583333333333334,0.9583333333333334
448,-28232.095238095237,5.666666666666667,0.9523809523809523
449,21013.590909090908,9.954545454545455,1.0
450,95403.8,11.32,1.0
451,-65808.25,6.8,0.8
452,-1983.0869565217392,7.608695652173913,1.0
453,49815.181818181816,10.818181818181818,1.0
454,-25148.2,8.2,1.0
455,37069.52,10.08,0.96
456,13164.260869565218,9.608695652173912,0.9565217391304348
457,-59617.92307692308,7.0,0.9615384615384616
458,15807.391304347826,8.434782608695652,0.9130434782608695
459,1484.85,9.25,1.0
460,39315.041666666664,11.0,1.0
461,-11914.727272727272,8.045454545454545,0.9545454545454546
462,-32701.608695652172,11.347826086956522,0.9130434782608695
463,2817.478260869565,13.565217391304348,0.9565217391304348
464,54114.944444444445,9.555555555555555,1.0
465,-616.9583333333334,7.375,1.0
466,-35183.2,7.6,1.0
467,70386.07692307692,10.038461538461538,1.0
468,-44703.34782608696,6.695652173913044,1.0
469,1908.6666666666667,7.958333333333333,0.9583333333333334
470,11905.916666666666,9.875,1.0
471,52084.73684210526,12.473684210526315,1.0
472,21740.12,9.6,1.0
473,127691.69565217392,12.869565217391305,1.0
474,-55687.92,6.64,0.92
475,-35008.72727272727,7.545454545454546,0.9090909090909091
476,44295.307692307695,9.615384615384615,1.0
477,4375.363636363636,8.363636363636363,1.0
478,-70235.95454545454,7.318181818181818,0.9545454545454546
479,22330.434782608696,9.391304347826088,1.0
480,24807.130434782608,10.869565217391305,0.9565217391304348
481,-93067.44,6.32,0.84
482,85677.54166666667,10.791666666666666,1.0
483,-3099.2,7.52,1.0
484,-48272.15789473684,5.421052631578948,0.8421052631578947
485,90472.52173913043,11.130434782608695,1.0
486,35422.55,10.4,0.95
487,-24271.75,4.5,0.8
488,69414.3,11.85,1.0
489,28234.0,7.833333333333333,0.9166666666666666
490,-55616.4,9.96,0.88
491,58319.27272727273,10.363636363636363,1.0
492,35819.27272727273,9.272727272727273,0.9545454545454546
493,-57174.86956521739,5.565217391304348,0.8695652173913043
494,77074.21739130435,10.130434782608695,1.0
495,-41857.76190476191,7.428571428571429,0.8095238095238095
496,3768.375,9.083333333333334,1.0
497,112201.57142857143,13.380952380952381,1.0
498,-4039.764705882353,8.764705882352942,0.8235294117647058
499,28343.0,9.583333333333334,1.0
500,19667.5,8.6,1.0
501,-30268.875,7.541666666666667,0.8333333333333334
502,-34608.13043478261,7.043478260869565,0.8695652173913043
503,9501.739130434782,10.08695652173913,1.0
504,20062.833333333332,10.0,1.0
505,-41633.15789473684,7.2631578947368425,0.9473684210526315
506,113879.86363636363,11.454545454545455,1.0
507,47172.88,8.36,1.0
508,38903.15,7.7,1.0
509,65480.7037037037,9.62962962962963,1.0
510,96320.625,9.375,1.0
511,89610.0,10.428571428571429,0.9523809523809523
512,76654.17391304347,11.130434782608695,1.0
513,77610.73913043478,10.869565217391305,0.9130434782608695
514,19821.85,9.35,0.8
515,103761.95,11.2,1.0
516,13709.08,9.12,0.8
517,61214.769230769234,9.846153846153847,0.9615384615384616
518,109539.33333333333,9.555555555555555,0.9444444444444444
519,49453.066666666666,8.666666666666666,1.0
520,130956.33333333333,11.833333333333334,1.0
521,90604.95652173914,11.08695652173913,0.9565217391304348
522,95422.26086956522,9.956521739130435,0.9565217391304348
523,67175.04,7.92,1.0
524,45351.333333333336,9.083333333333334,0.9583333333333334
525,36235.565217391304,8.0,1.0
526,69420.33333333333,9.083333333333334,1.0
527,112341.52,10.24,1.0
528,110569.26315789473,10.368421052631579,0.9473684210526315
529,28514.82608695652,7.434782608695652,0.9565217391304348
530,-445.34615384615387,8.76923076923077,0.8461538461538461
531,50729.82608695652,9.608695652173912,0.9565217391304348
532,-1609.6666666666667,7.333333333333333,0.9047619047619048
533,44979.260869565216,8.565217391304348,1.0
534,4656.88,7.36,0.92
535,42150.17391304348,8.695652173913043,0.9565217391304348
536,61245.36,8.96,1.0
537,47302.85,10.45,1.0
538,-4086.181818181818,8.545454545454545,0.8636363636363636
539,78126.08333333333,11.625,1.0
540,36618.045454545456,9.636363636363637,1.0
541,31779.115384615383,8.192307692307692,1.0
542,105020.53333333334,10.333333333333334,1.0
543,114099.0,9.157894736842104,1.0
544,103560.36363636363,10.545454545454545,1.0
545,77106.05882352941,9.529411764705882,1.0
546,142817.58823529413,11.941176470588236,1.0
547,79494.63636363637,9.454545454545455,1.0
548,-21200.5,6.277777777777778,0.8333333333333334
549,104674.73333333334,10.266666666666667,1.0
550,85626.59090909091,9.909090909090908,1.0
551,100389.2,8.933333333333334,1.0
552,87532.57142857143,8.952380952380953,0.9523809523809523
553,140926.07142857142,13.0,1.0
554,99830.31818181818,10.0,1.0
555,98080.69565217392,9.130434782608695,1.0
556,51210.72,8.76,1.0
557,76829.31818181818,9.636363636363637,0.9545454545454546
558,62348.92,9.6,1.0
559,103152.21739130435,9.434782608695652,1.0
560,64469.142857142855,9.761904761904763,0.9523809523809523
561,73636.37037037036,10.148148148148149,0.9629629629629629
562,10304.285714285714,10.380952380952381,1.0
563,37020.458333333336,9.166666666666666,1.0
564,2362.0625,10.3125,0.9375
565,65355.84,9.64,1.0
566,131027.625,12.125,1.0
567,79362.79166666667,10.375,1.0
568,16500.619047619046,9.476190476190476,0.9047619047619048
569,-20386.458333333332,8.541666666666666,1.0
570,18886.071428571428,9.142857142857142,1.0
571,114547.05882352941,11.176470588235293,1.0
572,100134.69565217392,11.347826086956522,1.0
573,2872.695652173913,7.739130434782608,0.9565217391304348
574,123464.78571428571,12.0,1.0
575,75262.68421052632,8.368421052631579,0.9473684210526315
576,70408.66666666667,10.222222222222221,1.0
577,32883.68421052631,10.473684210526315,0.7894736842105263
578,51007.35294117647,11.117647058823529,1.0
579,89610.70588235294,9.411764705882353,1.0
580,85978.68421052632,11.68421052631579,0.9473684210526315
581,124118.0625,10.6875,1.0
582,46768.90909090909,9.454545454545455,0.9545454545454546
583,18866.85185185185,13.88888888888889,1.0
584,-42270.208333333336,7.416666666666667,0.7916666666666666
585,85471.16666666667,11.416666666666666,0.9583333333333334
586,50473.04347826087,11.478260869565217,1.0
587,-9905.05,7.65,0.8
588,121717.09090909091,11.818181818181818,1.0
589,27311.526315789473,9.31578947368421,1.0
590,22828.17391304348,7.478260869565218,0.9565217391304348
591,-111458.125,4.541666666666667,0.4166666666666667
592,93283.26086956522,11.391304347826088,0.9565217391304348
593,36633.52,9.72,0.92
594,66691.5,9.722222222222221,1.0
595,58572.555555555555,11.055555555555555,0.7777777777777778
596,-22363.416666666668,6.791666666666667,1.0
597,59350.61538461538,8.192307692307692,1.0
598,68498.76190476191,8.904761904761905,1.0
599,81404.04166666667,10.791666666666666,0.9166666666666666
600,22772.166666666668,8.791666666666666,1.0
601,96105.33333333333,11.61111111111111,1.0
602,-992.9130434782609,7.478260869565218,0.9130434782608695
603,98097.0,11.173913043478262,1.0
604,67315.20833333333,8.333333333333334,1.0
605,-21830.227272727272,7.636363636363637,0.9545454545454546
606,122389.05263157895,11.736842105263158,1.0
607,124552.69565217392,12.043478260869565,1.0
608,36548.0,8.681818181818182,0.9545454545454546
609,79346.04,10.0,1.0
610,57356.8,11.25,1.0
611,48106.28571428572,9.535714285714286,1.0
612,155621.05263157896,13.789473684210526,1.0
613,135402.3,12.3,1.0
614,132138.3,13.2,1.0
615,29659.08695652174,11.434782608695652,1.0
616,54849.375,8.333333333333334,0.9166666666666666
617,29748.947368421053,9.631578947368421,1.0
618,44493.846153846156,9.961538461538462,0.9615384615384616
619,73105.46153846153,10.692307692307692,0.9615384615384616
620,6752.0,8.26923076923077,0.8846153846153846
621,39662.16,10.56,1.0
622,95893.23076923077,11.576923076923077,1.0
623,28019.28,10.68,1.0
624,60897.10344827586,9.310344827586206,1.0
625,19984.30769230769,8.423076923076923,0.9615384615384616
626,108631.42307692308,11.846153846153847,1.0
627,100968.64,11.8,1.0
628,-3059.52,9.28,0.96
629,53860.07692307692,9.5,0.9615384615384616
630,2267.8636363636365,9.636363636363637,1.0
631,84127.41176470589,12.058823529411764,1.0
632,39495.9,10.8,1.0
633,30832.117647058825,10.882352941176471,1.0
634,-40418.6,6.1,0.95
635,123510.90909090909,12.045454545454545,1.0
636,41543.8,7.5,1.0
637,-78974.25,9.083333333333334,0.5833333333333334
638,38307.0,9.15,0.85
639,-13598.421052631578,9.0,0.8947368421052632
640,-27074.052631578947,8.368421052631579,0.8947368421052632
641,75219.82608695653,11.130434782608695,0.9565217391304348
642,-16319.96,6.92,0.88
643,-4076.4545454545455,7.409090909090909,1.0
644,-45371.09090909091,7.318181818181818,0.9545454545454546
645,-53987.681818181816,7.818181818181818,0.9090909090909091
646,-84830.04545454546,6.818181818181818,0.8181818181818182
647,85827.38461538461,11.346153846153847,0.9615384615384616
648,50966.192307692305,9.884615384615385,1.0
649,74390.96153846153,10.115384615384615,1.0
650,94702.8,12.64,0.96
651,83350.83333333333,10.541666666666666,1.0
652,61643.916666666664,10.333333333333334,1.0
653,62594.807692307695,10.076923076923077,0.9615384615384616
654,180158.35,12.75,1.0
655,67563.19230769231,9.807692307692308,1.0
656,49459.38461538462,9.461538461538462,0.8846153846153846
657,-2495.12,7.96,0.76
658,91203.68181818182,9.363636363636363,1.0
659,104704.55555555556,12.944444444444445,0.9444444444444444
660,-514.7916666666666,13.583333333333334,0.9166666666666666
661,1959.04,8.72,0.84
662,18680.434782608696,9.434782608695652,0.9565217391304348
663,-32068.545454545456,7.818181818181818,0.8636363636363636
664,18689.565217391304,7.086956521739131,0.9130434782608695
665,75710.19047619047,9.380952380952381,0.9523809523809523
666,-18297.75,7.8,0.75
667,-3867.2272727272725,9.727272727272727,0.8636363636363636
668,75165.91304347826,11.08695652173913,1.0
669,9491.823529411764,9.529411764705882,0.9411764705882353
670,-17527.739130434784,6.608695652173913,0.8260869565217391
671,37294.9,8.8,0.95
672,-74636.04761904762,5.285714285714286,0.6666666666666666
673,-36011.125,7.25,0.875
674,22624.869565217392,10.26086956521739,0.9565217391304348
675,-6540.0,8.458333333333334,0.875
676,-51691.333333333336,7.0476190476190474,0.7619047619047619
677,-21793.5,7.791666666666667,0.9166666666666666
678,8735.59090909091,9.409090909090908,0.8636363636363636
679,-76072.0625,5.25,0.625
680,-66426.09523809524,6.0,0.7619047619047619
681,-58264.17391304348,7.608695652173913,0.7391304347826086
682,-168131.0,2.210526315789474,0.05263157894736842
683,36101.88461538462,11.26923076923077,1.0
684,14684.391304347826,9.130434782608695,1.0
685,27825.81818181818,9.590909090909092,0.9090909090909091
686,-20671.91304347826,7.695652173913044,0.8695652173913043
687,-16658.46153846154,8.692307692307692,0.9615384615384616
688,-42154.40909090909,8.409090909090908,0.9545454545454546
689,70717.86956521739,11.434782608695652,1.0
690,-3298.4444444444443,8.277777777777779,0.9444444444444444
691,83983.28571428571,12.952380952380953,1.0
692,54882.181818181816,11.818181818181818,1.0
693,-1231.5,9.636363636363637,0.9545454545454546
694,-62951.73333333333,8.6,0.8666666666666667
695,-11944.0,13.333333333333334,1.0
696,70876.33333333333,11.0,1.0
697,23508.4,11.4,0.9333333333333333
698,-29987.9375,8.9375,1.0
699,121195.94117647059,13.235294117647058,1.0
700,76570.84210526316,12.736842105263158,1.0
701,7417.7692307692305,11.23076923076923,1.0
702,-48427.94117647059,8.529411764705882,0.8823529411764706
703,11391.545454545454,8.590909090909092,0.9545454545454546
704,-93587.28571428571,8.428571428571429,0.8095238095238095
705,-65852.86956521739,7.956521739130435,1.0
706,44148.705882352944,12.823529411764707,1.0
707,-98497.06666666667,4.4,0.4
708,-116705.52173913043,4.130434782608695,0.43478260869565216
709,-39132.27777777778,6.777777777777778,0.8333333333333334
710,-130526.5,4.2727272727272725,0.45454545454545453
711,-79704.25,9.1,0.65
712,-114376.2,8.44,0.44
713,122956.13043478261,11.73913043478261,1.0
714,-154460.33333333334,6.388888888888889,0.5555555555555556
715,17910.6,10.8,0.88
716,-21862.954545454544,9.0,0.8181818181818182
717,-32838.142857142855,9.0,0.8095238095238095
718,31208.82608695652,11.565217391304348,0.9565217391304348
719,-65920.95652173914,8.0,0.9130434782608695
720,-51405.69565217391,8.26086956521739,0.8695652173913043
721,104390.26086956522,13.956521739130435,1.0
722,21862.52,10.2,1.0
723,9674.04347826087,9.782608695652174,0.9565217391304348
724,-66466.27272727272,8.090909090909092,0.7727272727272727
725,-48710.7037037037,9.592592592592593,1.0
726,-59945.208333333336,7.375,0.875
727,14376.68,9.44,1.0
728,-23843.956521739132,9.73913043478261,0.6956521739130435
729,-38756.541666666664,8.333333333333334,0.75
730,39041.30434782609,12.130434782608695,0.9130434782608695
731,-67156.16,8.16,0.88
732,33822.1,10.05,0.75
733,25460.583333333332,8.833333333333334,0.9166666666666666
734,16195.125,10.875,1.0
735,-68971.3,8.05,0.7
736,2193.5833333333335,10.041666666666666,0.9166666666666666
737,-7680.25,10.791666666666666,0.9583333333333334
738,-84894.47826086957,8.391304347826088,0.9130434782608695
739,-59268.72727272727,8.045454545454545,0.9090909090909091
740,-44986.5,7.923076923076923,0.9230769230769231
741,-22596.833333333332,8.375,0.875
742,19269.666666666668,10.142857142857142,1.0
743,15930.347826086956,9.956521739130435,0.9130434782608695
744,-21454.6,8.4,1.0
745,45770.2,9.68,0.96
746,3327.0555555555557,8.944444444444445,1.0
747,-63602.90909090909,6.909090909090909,0.7727272727272727
748,9113.375,9.125,0.9583333333333334
749,50035.12,10.8,1.0
750,-56370.40909090909,8.0,0.9090909090909091
751,-35965.52380952381,8.761904761904763,0.9523809523809523
752,-45298.041666666664,9.041666666666666,0.9583333333333334
753,-91994.0,5.708333333333333,0.6666666666666666
754,21700.04,9.28,0.88
755,-5312.346153846154,8.26923076923077,0.9615384615384616
756,-106969.75,7.041666666666667,0.7083333333333334
757,81621.13043478261,12.608695652173912,0.9565217391304348
758,20824.708333333332,10.0,0.9583333333333334
759,-48356.375,8.041666666666666,0.9166666666666666
760,73762.63636363637,13.409090909090908,1.0
761,3092.2,9.16,0.96
762,-9804.95652173913,9.26086956521739,0.9565217391304348
763,10018.192307692309,10.307692307692308,0.9615384615384616
764,-10267.84,8.64,0.92
765,-43371.958333333336,8.083333333333334,0.9583333333333334
766,103069.82608695653,12.91304347826087,1.0
767,11536.0,8.909090909090908,1.0
768,-11089.681818181818,9.090909090909092,0.9090909090909091
769,4529.285714285715,9.285714285714286,0.9047619047619048
770,-25065.333333333332,7.458333333333333,0.8333333333333334
771,-66828.45833333333,8.166666666666666,0.9166666666666666
772,61152.291666666664,11.875,1.0
773,-8381.04347826087,10.434782608695652,1.0
774,-26695.761904761905,8.904761904761905,1.0
775,-67499.88,7.84,0.8
776,-53291.92,7.04,0.76
777,-126438.63636363637,5.045454545454546,0.18181818181818182
778,-42717.166666666664,8.708333333333334,0.9166666666666666
779,-88058.4,6.4,0.44
780,-153464.9090909091,4.818181818181818,0.22727272727272727
781,-72678.6,8.0,0.64
782,-19383.32,9.24,0.88
783,-82476.36,7.72,0.72
784,-33513.22222222222,9.407407407407407,0.9629629629629629
785,-35618.64,6.24,0.84
786,-101811.66666666667,4.958333333333333,0.5833333333333334
787,-19626.92,6.96,0.92
788,-42518.46153846154,8.384615384615385,0.9230769230769231
789,51626.64,10.24,1.0
790,-43572.28571428572,8.464285714285714,0.9285714285714286
791,-15834.363636363636,8.409090909090908,1.0
792,-80515.32,7.2,0.96
793,-19339.076923076922,9.192307692307692,0.9615384615384616
794,54565.4,11.36,1.0
795,-85299.04166666667,7.833333333333333,0.875
796,13034.16,9.6,0.88
797,-57411.96153846154,8.346153846153847,1.0
798,-63833.5,6.833333333333333,0.9583333333333334
799,32161.48,10.72,1.0
800,21639.916666666668,10.666666666666666,0.9583333333333334
801,-22799.041666666668,8.083333333333334,1.0
802,43999.625,11.0,1.0
803,31275.458333333332,9.958333333333334,1.0
804,-106171.56,4.48,0.92
805,30089.772727272728,10.909090909090908,1.0
806,-11473.916666666666,13.125,0.9583333333333334
807,44442.625,10.333333333333334,1.0
808,-35195.04347826087,9.043478260869565,0.8695652173913043
809,-22903.75,13.041666666666666,1.0
810,-28960.5,7.5,1.0
811,-8945.692307692309,9.423076923076923,0.8461538461538461
812,-28264.391304347828,6.739130434782608,0.9130434782608695
813,-87580.12,5.16,0.88
814,21012.32,11.2,1.0
815,-8139.739130434783,10.391304347826088,0.9565217391304348
816,-17455.727272727272,7.7727272727272725,0.8181818181818182
817,-1967.3478260869565,8.347826086956522,1.0
818,-65506.32,6.56,1.0
819,-90931.38095238095,6.095238095238095,1.0
820,-60125.0,8.038461538461538,0.8846153846153846
821,26157.52380952381,14.095238095238095,0.9523809523809523
822,-105219.375,4.041666666666667,0.9166666666666666
823,-2479.5,9.307692307692308,1.0
824,-15361.17857142857,8.107142857142858,1.0
825,-90105.48,6.76,0.96
826,-33855.333333333336,6.888888888888889,1.0
827,-46213.0,8.12,0.88
828,-163161.5,5.538461538461538,0.0
829,54238.148148148146,10.88888888888889,1.0
830,4493.48,9.08,0.96
831,-14733.76923076923,8.807692307692308,1.0
832,34639.72,10.12,0.92
833,-81944.875,8.541666666666666,0.875
834,-66521.34615384616,7.538461538461538,0.7307692307692307
835,19494.32,11.52,0.96
836,-41885.681818181816,8.772727272727273,0.8636363636363636
837,-45641.0,9.789473684210526,0.8947368421052632
838,32277.0,11.7,0.95
839,-47138.083333333336,8.375,0.875
840,-12550.304347826086,8.0,0.8260869565217391
841,-18193.772727272728,8.954545454545455,0.9545454545454546
842,-40886.0,9.708333333333334,0.9166666666666666
843,-64214.52173913043,12.478260869565217,0.8695652173913043
844,49418.5,11.75,0.9583333333333334
845,-6838.8,10.08,1.0
846,-51976.708333333336,8.375,0.9166666666666666
847,96382.42857142857,12.5,0.9285714285714286
848,-11338.0,10.38888888888889,0.9444444444444444
849,-21578.57894736842,10.0,1.0
850,-22955.823529411766,9.941176470588236,1.0
851,48186.882352941175,9.470588235294118,0.9411764705882353
852,69558.16666666667,10.944444444444445,1.0
853,47391.46153846154,11.23076923076923,1.0
854,87860.66666666667,10.333333333333334,1.0
855,-38383.82608695652,8.652173913043478,0.9130434782608695
856,-62541.555555555555,9.055555555555555,0.8333333333333334
857,-77128.45454545454,5.954545454545454,0.7727272727272727
858,-31779.416666666668,10.208333333333334,0.9583333333333334
859,-3702.5,10.083333333333334,0.9583333333333334
860,-54460.90909090909,8.909090909090908,0.9090909090909091
861,27783.96,11.68,0.96
862,-19326.041666666668,9.75,0.875
863,-43085.16,7.88,0.92
864,33240.5,12.5,0.9583333333333334
865,-37311.391304347824,9.434782608695652,0.9565217391304348
866,-37071.333333333336,9.142857142857142,0.9523809523809523
867,63621.31578947369,10.31578947368421,1.0
868,5311.181818181818,7.045454545454546,0.9090909090909091
869,-25112.809523809523,7.904761904761905,0.8571428571428571
870,77531.82608695653,11.304347826086957,0.9565217391304348
871,-7535.95,6.65,0.95
872,-1846.3636363636363,8.545454545454545,0.8636363636363636
873,13765.8,9.8,0.96
874,-22700.590909090908,7.7727272727272725,0.9090909090909091
875,-50319.545454545456,7.181818181818182,0.5
876,43477.30434782609,11.26086956521739,1.0
877,8117.478260869565,8.608695652173912,1.0
878,-28825.46153846154,7.576923076923077,0.8846153846153846
879,133020.33333333334,18.333333333333332,1.0
880,39905.72222222222,14.222222222222221,0.9444444444444444
881,121876.09090909091,12.363636363636363,0.9090909090909091
882,11613.882352941177,8.0,0.8823529411764706
883,128141.05555555556,12.944444444444445,0.9444444444444444
884,40447.055555555555,9.88888888888889,0.9444444444444444
885,69578.25,10.5,1.0
886,29240.235294117647,9.882352941176471,1.0
887,158700.375,14.375,1.0
888,34775.31578947369,9.210526315789474,0.8947368421052632
889,67016.41176470589,11.176470588235293,1.0
890,43155.05882352941,8.470588235294118,0.8823529411764706
891,-11480.875,11.5,1.0
892,63436.4,10.666666666666666,0.8666666666666667
893,94626.73684210527,11.210526315789474,1.0
894,-49389.6,6.0,0.4
895,57730.76470588235,10.470588235294118,0.9411764705882353
896,60461.84210526316,21.157894736842106,1.0
897,-40797.19047619047,7.666666666666667,0.8095238095238095
898,12705.5,15.785714285714286,1.0
899,92972.71428571429,11.5,1.0
900,67621.35294117648,13.117647058823529,1.0
901,45058.27777777778,11.055555555555555,1.0
902,37168.3,13.55,0.95
903,62239.333333333336,9.583333333333334,0.875
904,20536.81818181818,9.454545454545455,0.8181818181818182
905,-61582.34782608696,4.565217391304348,0.9130434782608695
906,27080.5,9.818181818181818,1.0
907,12528.90909090909,10.454545454545455,0.9090909090909091
908,-63058.681818181816,6.545454545454546,0.8636363636363636
909,16249.9,8.75,1.0
910,-36808.666666666664,7.5,0.9166666666666666
911,-66413.82608695653,6.260869565217392,0.8695652173913043
912,18143.904761904763,7.857142857142857,0.9047619047619048
913,-32951.7,7.5,0.9
914,-59710.40909090909,4.954545454545454,1.0
915,-38021.708333333336,11.666666666666666,0.9583333333333334
916,24336.454545454544,10.363636363636363,0.9545454545454546
917,-32460.347826086956,8.391304347826088,0.9130434782608695
918,32430.84,11.64,0.88
919,-24072.8,8.72,0.84
920,-37597.9,9.6,0.95
921,52024.818181818184,9.181818181818182,0.9545454545454546
922,-39262.04347826087,8.347826086956522,0.8260869565217391
923,-17381.521739130436,9.173913043478262,0.8695652173913043
924,30202.333333333332,13.125,1.0
925,-55783.458333333336,8.625,0.8333333333333334
926,-13354.5,9.136363636363637,1.0
927,53763.88,12.16,1.0
928,-23136.653846153848,8.115384615384615,0.9615384615384616
929,-2128.4583333333335,7.0,0.9583333333333334
930,-42825.8,6.15,0.95
931,-8731.875,9.9375,1.0
932,-12823.68,7.36,0.96
933,24427.85,8.75,1.0
934,-47979.48,7.04,0.92
935,-17769.526315789473,6.7368421052631575,1.0
936,10950.181818181818,10.090909090909092,1.0
937,-52081.31578947369,6.421052631578948,0.9473684210526315
938,-53265.85,6.35,0.85
939,-30887.590909090908,9.227272727272727,0.9545454545454546
940,-20860.18181818182,9.227272727272727,1.0
941,-106072.96153846153,4.5,0.9615384615384616
942,-39026.24,8.16,0.92
943,-37139.545454545456,6.136363636363637,0.9545454545454546
944,-51055.6,5.8,0.9
945,-82756.59090909091,7.2272727272727275,0.9545454545454546
946,-27114.208333333332,7.208333333333333,1.0
947,70245.63636363637,11.0,1.0
948,1702.9545454545455,7.0,0.9090909090909091
949,10692.57142857143,8.80952380952381,0.9523809523809523
950,-96338.71428571429,5.428571428571429,1.0
951,37739.64705882353,11.823529411764707,0.9411764705882353
952,76929.86666666667,15.933333333333334,1.0
953,84462.0,10.277777777777779,0.9444444444444444
954,-71067.0,7.333333333333333,1.0
955,140197.6875,13.5,1.0
956,42722.21428571428,10.571428571428571,0.9285714285714286
957,219.47058823529412,9.470588235294118,0.9411764705882353
958,-10405.0,7.9411764705882355,0.9411764705882353
959,-16936.260869565216,9.347826086956522,0.9565217391304348
960,-32713.583333333332,5.666666666666667,0.9583333333333334
961,34855.08,10.8,0.96
962,-29775.434782608696,7.826086956521739,0.9565217391304348
963,-8374.26923076923,8.807692307692308,0.8846153846153846
964,-64389.08,7.96,0.76
965,35539.22727272727,9.454545454545455,0.9090909090909091
966,52.608695652173914,8.695652173913043,0.8260869565217391
967,1195.7916666666667,8.875,0.9583333333333334
968,15050.90909090909,9.772727272727273,0.9545454545454546
969,-60937.791666666664,7.791666666666667,0.6666666666666666
970,-444.0,8.608695652173912,0.9130434782608695
971,-65298.28,8.28,0.88
972,-18630.125,8.541666666666666,0.9166666666666666
973,-61515.454545454544,6.590909090909091,0.9090909090909091
974,-11074.870967741936,7.806451612903226,0.8709677419354839
975,-126683.26923076923,3.0,0.7307692307692307
976,-46133.217391304344,7.956521739130435,0.8695652173913043
977,-15827.42857142857,9.285714285714286,0.9047619047619048
978,-70321.19230769231,5.8076923076923075,0.9615384615384616
979,-48521.5,7.2272727272727275,0.8181818181818182
980,102735.8,14.32,1.0
981,-30191.708333333332,8.875,0.9166666666666666
982,-42656.125,8.416666666666666,0.7916666666666666
983,45758.48,10.52,1.0
984,-44626.45,9.7,0.95
985,-53272.565217391304,5.6521739130434785,0.8695652173913043
986,-78238.17391304347,5.478260869565218,1.0
987,153.44,8.64,1.0
988,-8364.782608695652,8.391304347826088,0.9565217391304348
989,50162.96,9.36,1.0
990,1901.3809523809523,8.952380952380953,0.9523809523809523
991,-16371.47619047619,7.523809523809524,0.9047619047619048
992,7728.44,8.0,1.0
993,-57190.47826086957,4.521739130434782,0.9130434782608695
994,-43403.807692307695,8.846153846153847,0.8846153846153846
995,101026.22727272728,12.863636363636363,0.9545454545454546
996,-61995.75,4.291666666666667,0.8333333333333334
997,-58042.47826086957,5.695652173913044,0.9565217391304348
998,50119.95238095238,10.428571428571429,1.0
999,-39330.68,6.36,1.0
1000,-78642.61904761905,6.095238095238095,1.0
1001,-16307.588235294117,8.764705882352942,0.8235294117647058
1002,-77431.27272727272,5.7727272727272725,0.8636363636363636
1003,-29992.375,5.791666666666667,0.9166666666666666
1004,-34028.80952380953,5.476190476190476,1.0
1005,-91880.22727272728,6.681818181818182,0.9090909090909091
1006,-55683.17647058824,5.235294117647059,1.0
1007,76454.08695652174,11.869565217391305,1.0
1008,-50991.3,7.9,0.85
1009,-73427.625,7.416666666666667,0.9166666666666666
1010,-21374.42105263158,8.0,0.8947368421052632
1011,-78642.64705882352,5.705882352941177,0.8235294117647058
1012,-85255.36842105263,8.631578947368421,0.7368421052631579
1013,-54103.217391304344,7.260869565217392,0.9130434782608695
1014,-82159.25,12.55,0.9
1015,-145241.68181818182,3.0,0.18181818181818182
1016,-88404.59090909091,6.363636363636363,0.8181818181818182
1017,-112864.4,7.05,0.65
1018,-133883.61904761905,3.857142857142857,0.42857142857142855
1019,-13951.095238095239,8.047619047619047,0.8095238095238095
1020,-56504.318181818184,9.0,0.7727272727272727
1021,-159180.9,3.55,0.2
1022,-97218.95454545454,7.2727272727272725,0.6818181818181818
1023,-132993.4,5.133333333333334,0.3333333333333333
1024,-138583.57894736843,2.736842105263158,0.3157894736842105
1025,29059.5,9.6,1.0
1026,-13487.44,8.76,0.88
1027,-38566.181818181816,8.5,0.8636363636363636
1028,151081.4705882353,13.705882352941176,1.0
1029,-80532.22727272728,5.681818181818182,0.6818181818181818
1030,-65092.27272727273,6.5,0.6818181818181818
1031,-4401.0,10.12,0.96
1032,-23167.466666666667,10.0,0.8666666666666667
1033,44724.5,11.38888888888889,0.9444444444444444
1034,-41293.95,6.75,0.9
1035,120285.5,14.25,1.0
1036,-44450.56,8.08,0.92
1037,103289.27777777778,13.0,0.9444444444444444
1038,-53448.555555555555,8.722222222222221,0.9444444444444444
1039,-10359.40909090909,14.772727272727273,0.8636363636363636
1040,-72027.13636363637,6.2272727272727275,0.6818181818181818
1041,-85496.68181818182,8.727272727272727,0.8181818181818182
1042,-55030.78947368421,7.631578947368421,0.9473684210526315
1043,-82997.45454545454,7.454545454545454,0.6818181818181818
1044,-93431.4705882353,6.352941176470588,0.4117647058823529
1045,21841.678571428572,11.821428571428571,0.9642857142857143
1046,-102004.43478260869,8.91304347826087,0.782608695652174
1047,-88874.77272727272,6.363636363636363,0.8181818181818182
1048,-12183.3,9.65,0.95
1049,-40901.583333333336,7.416666666666667,0.875
1050,-63385.63157894737,8.052631578947368,0.7894736842105263
1051,67669.53846153847,11.153846153846153,0.8846153846153846
1052,-58505.05263157895,12.789473684210526,0.8421052631578947
1053,-82835.17391304347,5.304347826086956,0.5652173913043478
1054,8576.75,11.5,0.9166666666666666
1055,-37939.608695652176,8.0,0.7391304347826086
1056,-69504.90476190476,7.619047619047619,0.6666666666666666
1057,45591.333333333336,10.416666666666666,0.9583333333333334
1058,-64642.291666666664,7.916666666666667,0.625
1059,-85615.54545454546,6.363636363636363,0.5454545454545454
1060,82725.75,12.541666666666666,1.0
1061,-32649.636363636364,8.772727272727273,0.9545454545454546
1062,-66383.5,7.083333333333333,0.7916666666666666
1063,59033.7,10.5,1.0
1064,170304.88235294117,15.470588235294118,1.0
1065,85595.6,12.35,0.95
1066,-132589.4375,4.8125,0.1875
1067,64936.26315789474,11.947368421052632,1.0
1068,34247.36842105263,10.68421052631579,0.9473684210526315
1069,23330.136363636364,10.5,0.9545454545454546
1070,-61411.52631578947,12.947368421052632,0.6842105263157895
1071,7300.045454545455,10.363636363636363,1.0
1072,-119317.91428571429,6.0285714285714285,0.6
1073,-109194.95238095238,4.190476190476191,0.5238095238095238
1074,2215.6666666666665,9.238095238095237,0.8095238095238095
1075,-82379.5,7.9,0.85
1076,8956.681818181818,9.454545454545455,0.9545454545454546
1077,-32854.82608695652,9.478260869565217,0.9565217391304348
1078,-95630.47368421052,5.526315789473684,1.0
1079,-138044.92857142858,3.8214285714285716,0.5357142857142857
1080,15466.25,9.75,1.0
1081,-28988.434782608696,7.521739130434782,0.8260869565217391
1082,-107300.65217391304,6.043478260869565,0.8695652173913043
1083,-26607.761904761905,8.333333333333334,0.9523809523809523
1084,-44540.958333333336,8.208333333333334,0.8333333333333334
1085,-69083.09090909091,8.090909090909092,0.8181818181818182
1086,35600.76190476191,9.80952380952381,1.0
1087,14771.8,10.0,0.96
1088,-103728.33333333333,8.285714285714286,0.7142857142857143
1089,-29340.863636363636,8.863636363636363,0.9090909090909091
1090,-46819.545454545456,8.136363636363637,0.9545454545454546
1091,-85580.75,7.125,0.75
1092,36834.375,10.666666666666666,0.9583333333333334
1093,-39226.230769230766,8.961538461538462,0.8461538461538461
1094,-139680.30434782608,3.9130434782608696,0.4782608695652174
1095,102534.31578947368,11.368421052631579,0.9473684210526315
1096,31280.30769230769,10.0,0.9230769230769231
1097,17399.277777777777,11.666666666666666,0.6666666666666666
1098,-23847.157894736843,7.421052631578948,0.8947368421052632
1099,20396.782608695652,10.826086956521738,0.9565217391304348
1100,-8106.125,10.583333333333334,0.9583333333333334
1101,22054.95238095238,11.714285714285714,1.0
1102,-29551.0,10.736842105263158,0.7894736842105263
1103,-48974.916666666664,9.125,0.7916666666666666
1104,-19215.615384615383,8.884615384615385,0.9615384615384616
1105,-90588.88,6.68,0.64
1106,-62848.0,8.0,0.8461538461538461
1107,-20320.03846153846,9.076923076923077,1.0
1108,-24542.346153846152,8.5,1.0
1109,-10018.52380952381,11.19047619047619,0.9523809523809523
1110,-59301.086956521736,7.260869565217392,0.9130434782608695
1111,-86380.45833333333,8.041666666666666,0.9166666666666666
1112,33811.51851851852,10.037037037037036,1.0
1113,-19270.88,9.44,0.88
1114,-46219.53571428572,9.607142857142858,0.8571428571428571
1115,-19631.68,10.28,0.96
1116,-37989.958333333336,9.25,0.875
1117,-37406.565217391304,10.478260869565217,1.0
1118,50603.38461538462,11.653846153846153,0.9615384615384616
1119,-10655.652173913044,8.173913043478262,0.9565217391304348
1120,-16091.478260869566,10.782608695652174,0.9130434782608695
1121,18313.6,9.4,1.0
1122,-38709.041666666664,9.708333333333334,0.9166666666666666
1123,-24528.695652173912,10.347826086956522,0.9565217391304348
1124,1602.1666666666667,11.125,0.9583333333333334
1125,-2267.5833333333335,10.416666666666666,1.0
1126,-69825.76190476191,8.095238095238095,0.9047619047619048
1127,-32799.4,8.15,0.75
1128,-82004.54166666667,6.333333333333333,0.6666666666666666
1129,-69626.07692307692,5.846153846153846,0.6153846153846154
1130,-28242.69230769231,8.73076923076923,0.9230769230769231
1131,-155112.95652173914,4.608695652173913,0.043478260869565216
1132,-43448.47619047619,6.0476190476190474,0.9047619047619048
1133,-77100.07692307692,7.846153846153846,0.6538461538461539
1134,-31305.529411764706,8.529411764705882,0.7647058823529411
1135,-98496.08333333333,5.75,0.20833333333333334
1136,-28792.25,11.666666666666666,0.7083333333333334
1137,-64644.11111111111,7.0,0.7222222222222222
1138,-81156.55555555556,5.277777777777778,0.6666666666666666
1139,66267.33333333333,10.625,1.0
1140,-13420.478260869566,9.565217391304348,0.8695652173913043
1141,-33922.4,8.68,0.92
1142,43947.17857142857,10.678571428571429,1.0
1143,28274.791666666668,9.791666666666666,1.0
1144,-67064.0,7.8076923076923075,0.7692307692307693
1145,88773.56521739131,11.130434782608695,1.0
1146,-42615.77777777778,8.703703703703704,0.8148148148148148
1147,888.3636363636364,9.5,0.8636363636363636
1148,144258.08333333334,12.541666666666666,0.9583333333333334
1149,52217.08,9.84,0.96
1150,-1655.75,7.875,0.875
1151,38937.82142857143,13.142857142857142,1.0
1152,-17289.809523809523,9.047619047619047,1.0
1153,-8910.611111111111,8.944444444444445,0.9444444444444444
1154,-67214.6,5.85,0.7
1155,42229.4,11.05,1.0
1156,-21785.886363636364,12.204545454545455,0.9772727272727273
1157,-4416.193548387097,11.32258064516129,0.967741935483871
1158,-61491.84210526316,6.2631578947368425,0.7894736842105263
1159,13405.37037037037,11.777777777777779,1.0
1160,4270.636363636364,9.818181818181818,0.9090909090909091
1161,-39778.22222222222,8.518518518518519,0.8888888888888888
1162,27537.25,9.916666666666666,0.9583333333333334
1163,-33162.04,8.0,0.96
1164,-92267.64,5.6,0.84
1165,4704.444444444444,10.481481481481481,1.0
1166,-85025.34782608696,6.608695652173913,0.5652173913043478
1167,-68687.2,7.0,0.68
1168,2816.04,8.92,0.92
1169,-23944.260869565216,8.130434782608695,0.9130434782608695
1170,-45738.739130434784,7.6521739130434785,0.9130434782608695
1171,32982.51851851852,10.88888888888889,1.0
1172,-62598.36363636364,7.545454545454546,0.7272727272727273
1173,-130505.88,5.24,0.48
1174,-111779.29166666667,5.583333333333333,0.4583333333333333
1175,-140963.07692307694,4.8076923076923075,0.6538461538461539
1176,-118631.92,6.12,0.68
1177,-1750.375,9.083333333333334,1.0
1178,-126975.27272727272,5.136363636363637,0.6363636363636364
1179,-145935.125,2.5833333333333335,0.2916666666666667
1180,-129154.37037037036,6.703703703703703,0.14814814814814814
1181,-143537.84,3.56,0.44
1182,-183334.5652173913,2.782608695652174,0.043478260869565216
1183,-23747.043478260868,9.434782608695652,0.9565217391304348
1184,-97337.55555555556,6.111111111111111,0.8518518518518519
1185,-59694.05263157895,6.842105263157895,0.8947368421052632
1186,94910.38095238095,12.047619047619047,1.0
1187,-35721.09090909091,8.090909090909092,0.9545454545454546
1188,-69828.82608695653,7.565217391304348,0.9130434782608695
1189,-123721.71428571429,6.619047619047619,0.14285714285714285
1190,-21882.75,8.4,1.0
1191,-79011.33333333333,6.583333333333333,0.7916666666666666
1192,-37580.380952380954,8.095238095238095,0.8095238095238095
1193,-84318.73076923077,6.153846153846154,0.8076923076923077
1194,-100142.66666666667,7.761904761904762,0.5238095238095238
1195,9075.8,9.96,0.96
1196,-89517.04545454546,5.2727272727272725,1.0
1197,-177150.11538461538,2.9615384615384617,0.0
1198,60692.333333333336,10.523809523809524,1.0
1199,-71778.28571428571,7.0,0.8095238095238095
1200,-75336.91304347826,8.608695652173912,0.5652173913043478
1201,27104.0,11.26086956521739,1.0
1202,-99916.09090909091,7.136363636363637,0.7272727272727273
1203,-93246.52,6.04,0.64
1204,-1473.8947368421052,10.789473684210526,0.9473684210526315
1205,-16486.083333333332,7.5,0.9583333333333334
1206,-72992.8947368421,8.947368421052632,0.8421052631578947
1207,-113691.05555555556,9.5,0.7777777777777778
1208,4838.304347826087,9.91304347826087,1.0
1209,-150661.75,3.4,0.1
1210,28526.75,11.05,1.0
1211,-70240.80952380953,7.809523809523809,0.9523809523809523
1212,-33382.76190476191,8.333333333333334,0.9523809523809523
1213,-33189.541666666664,11.083333333333334,0.8333333333333334
1214,-75475.63636363637,10.363636363636363,0.9090909090909091
1215,-162025.2857142857,1.7142857142857142,0.5
1216,-34318.565217391304,8.043478260869565,0.9565217391304348
1217,33690.72,9.92,0.96
1218,-115057.70833333333,5.583333333333333,0.5
1219,149620.7857142857,14.142857142857142,1.0
1220,19548.63157894737,9.421052631578947,1.0
1221,5544.217391304348,11.73913043478261,1.0
1222,-30268.055555555555,9.38888888888889,1.0
1223,-15519.444444444445,9.444444444444445,0.9444444444444444
1224,46526.27777777778,10.5,1.0
1225,-16542.894736842107,8.578947368421053,1.0
1226,494.8,8.95,1.0
1227,46.65384615384615,9.26923076923077,0.9615384615384616
1228,20220.44,10.84,1.0
1229,-9967.904761904761,8.904761904761905,1.0
1230,-4982.863636363636,9.181818181818182,1.0
1231,-18439.5,8.5,1.0
1232,-126462.13636363637,3.3181818181818183,0.7272727272727273
1233,90693.78260869565,12.826086956521738,1.0
1234,-1820.1538461538462,10.307692307692308,0.9615384615384616
1235,-108974.84210526316,3.526315789473684,0.7368421052631579
1236,-78421.34782608696,4.565217391304348,0.8260869565217391
1237,-79755.0,5.2631578947368425,0.8947368421052632
1238,-61813.2,6.8,0.9
1239,-11778.09090909091,9.272727272727273,0.9090909090909091
1240,65631.08695652174,11.043478260869565,1.0
1241,49715.52,11.44,1.0
1242,-53535.08,9.12,1.0
1243,-61428.34782608696,8.478260869565217,0.9130434782608695
1244,-102709.625,5.916666666666667,0.7083333333333334
1245,10443.739130434782,9.130434782608695,0.9130434782608695
1246,-45677.12,9.04,1.0
1247,-135111.92,4.24,0.88
1248,-14459.166666666666,7.875,1.0
1249,-51500.27272727273,9.045454545454545,0.9090909090909091
1250,-101887.88,6.8,0.6
