,DHSID,LAT_GPS,LON_GPS,URBAN_RURA,RADIUS(KM),MOSAIKSID,LAT_MOSAIKS,LON_MOSAIKS,DISTANCE(M)
0,PH201700000386,18.2718920623,120.56454229,R,10,67,18.275,120.565,182.957
1,PH201700000387,18.2021947961,120.568506409,U,2,66,18.205,120.565,420.928
2,PH201700000388,18.0739141937,120.691112849,R,10,114,18.075,120.695,436.603
3,PH201700000389,18.061016514,120.510203187,R,10,51,18.065,120.515,578.855
4,PH201700000390,18.1556941707,120.663073749,R,10,106,18.155,120.665,217.777
5,PH201700000391,18.5980694666,120.809958614,R,10,134,18.595,120.805,578.419
6,PH201700000392,18.0644372882,120.562544581,R,10,65,18.065,120.565,274.878
7,PH201700000393,18.0055436892,120.686633458,R,10,111,18.005,120.685,184.234
8,PH201700000394,18.0719116079,120.690170759,R,10,114,18.075,120.695,564.873
9,PH201700000395,18.1915145136,120.54143737,R,10,58,18.195,120.545,442.407
10,PH201700000396,18.0688892715,120.479627771,R,10,42,18.065,120.475,559.384
11,PH201700000397,18.0578880779,120.570660651,R,10,71,18.055,120.575,509.411
12,PH201700000398,17.6527015281,120.421009268,R,10,35,17.655,120.425,462.237
13,PH201700000399,17.4858073955,120.50980577,R,10,49,17.485,120.505,536.317
14,PH201700000400,17.8558189237,120.529194124,R,10,55,17.855,120.525,468.653
15,PH201700000401,17.2119043165,120.456076464,R,10,38,17.215,120.455,211.588
16,PH201700000402,17.1003825664,120.483535192,R,10,44,17.105,120.485,307.201
17,PH201700000403,17.1712317843,120.427206418,R,10,34,17.175,120.425,324.376
19,PH201700000405,17.5760365586,120.395132647,U,2,27,17.575,120.395,60.153
20,PH201700000406,17.5546091237,120.396341056,R,10,26,17.555,120.395,150.731
21,PH201700000407,17.1411628676,120.520291037,R,10,53,17.145,120.525,566.681
22,PH201700000408,17.2419094938,120.510864551,R,10,50,17.245,120.515,491.831
23,PH201700000409,16.9373278669,120.739453169,R,10,124,16.935,120.735,512.538
24,PH201700000410,16.8241961505,120.43325905,R,10,36,16.825,120.435,198.809
25,PH201700000411,16.6047734394,120.394231891,R,10,25,16.605,120.395,86.356
26,PH201700000412,16.6127746071,120.425129655,R,10,33,16.615,120.425,126.139
28,PH201700000414,16.5680614565,120.333674028,R,10,22,16.565,120.335,226.49
30,PH201700000416,16.6082774491,120.309589968,U,2,18,16.605,120.305,542.504
31,PH201700000417,16.8693361065,120.41176471,R,10,31,16.865,120.415,434.735
32,PH201700000418,16.636631768,120.308604136,R,10,18,16.605,120.305,1819.613
33,PH201700000419,16.8046924407,120.378311062,U,2,24,16.805,120.375,368.579
34,PH201700000420,16.5117161996,120.400757682,R,10,29,16.515,120.405,506.627
35,PH201700000421,16.4375976521,120.420799784,R,10,32,16.435,120.425,489.41
36,PH201700000422,16.0631382636,120.460594808,R,10,40,16.065,120.465,500.952
37,PH201700000423,16.0313102546,120.668895924,R,10,104,16.035,120.665,481.102
38,PH201700000424,16.1029033381,120.416596684,R,10,30,16.105,120.415,213.197
39,PH201700000425,16.1614930189,119.988176487,U,2,541,16.165,119.985,403.414
40,PH201700000426,16.0823664243,120.356493743,U,2,23,16.085,120.355,222.463
41,PH201700000427,16.0118326507,120.315136813,R,10,20,16.015,120.315,178.421
42,PH201700000428,15.964959538,120.707268021,R,10,115,15.965,120.705,252.203
43,PH201700000429,15.83846844,120.574150936,R,10,69,15.835,120.575,217.712
44,PH201700000430,15.8153018331,120.476887248,R,10,41,15.815,120.475,210.542
45,PH201700000431,16.0958766189,119.924832609,R,10,538,16.095,119.925,52.068
46,PH201700000432,15.7633575828,120.273206082,R,10,11,15.765,120.275,219.697
47,PH201700000433,15.9121949189,120.208989175,R,10,4,15.915,120.205,470.518
48,PH201700000434,20.4587800434,121.959544853,U,2,458,20.455,121.965,646.105
49,PH201700000435,20.7059422866,121.820133389,R,10,427,20.705,121.825,543.955
50,PH201700000436,20.4704574705,121.979452247,R,10,461,20.475,121.975,562.712
51,PH201700000437,20.4181153595,121.95573768,R,10,453,20.415,121.955,200.854
52,PH201700000438,20.3762818247,121.949880759,R,10,450,20.375,121.945,547.931
53,PH201700000439,20.4490423128,121.992930678,R,10,467,20.445,121.995,331.151
54,PH201700000440,20.4508083072,121.972764094,R,10,460,20.455,121.975,350.327
55,PH201700000441,20.3595633853,121.940570287,R,10,449,20.355,121.945,560.973
56,PH201700000442,20.4262736131,121.969449219,R,10,457,20.425,121.965,500.38
57,PH201700000443,20.4596882405,121.969408642,R,10,458,20.455,121.965,562.574
58,PH201700000444,20.3892435535,121.93981487,R,10,445,20.385,121.935,590.718
59,PH201700000445,20.4127872611,121.94249903,R,10,451,20.415,121.945,307.056
60,PH201700000446,18.0372019111,121.618038197,R,10,410,18.035,121.615,361.393
61,PH201700000447,18.591553509,121.114617486,R,10,302,18.595,121.115,202.553
63,PH201700000449,17.9166873155,121.785625578,R,10,424,17.915,121.785,120.853
64,PH201700000450,17.6660657175,121.755244822,R,10,423,17.665,121.755,68.049
65,PH201700000451,17.793126811,121.83456266,R,10,430,17.795,121.835,120.148
66,PH201700000452,18.3340008363,122.107913321,R,10,491,18.335,122.105,329.284
67,PH201700000453,18.3893951619,121.521611849,R,10,390,18.385,121.525,455.225
68,PH201700000454,17.838990158,121.60110842,R,10,406,17.835,121.605,491.232
69,PH201700000455,17.9397306001,121.730064575,R,10,420,17.935,121.735,614.587
70,PH201700000456,17.6888871352,121.831430914,R,10,429,17.685,121.835,457.685
71,PH201700000457,17.8689614628,121.747759285,R,10,422,17.865,121.745,384.52
72,PH201700000458,17.1195651672,121.61326909,U,2,409,17.115,121.615,328.406
73,PH201700000459,17.2035972542,121.622938008,R,10,412,17.205,121.625,243.433
74,PH201700000460,17.1432834767,121.737711257,R,10,419,17.145,121.735,317.756
75,PH201700000461,16.7241335717,121.570178942,U,2,399,16.725,121.575,538.445
76,PH201700000462,16.9043395913,121.881679077,R,10,437,16.905,121.885,371.301
77,PH201700000463,16.7143381207,121.715247602,R,10,418,16.715,121.715,47.486
78,PH201700000464,17.142472891,121.932136534,R,10,444,17.145,121.935,351.386
79,PH201700000465,16.9302331476,121.878531834,R,10,434,16.935,121.875,482.269
80,PH201700000466,17.475246427,121.747387687,R,10,421,17.475,121.745,265.89
81,PH201700000467,16.7734408896,121.466174717,R,10,375,16.775,121.465,158.907
82,PH201700000468,16.5625332822,121.710959327,R,10,417,16.565,121.715,471.87
83,PH201700000469,16.8944766572,121.810577744,R,10,425,16.895,121.815,492.688
84,PH201700000470,16.5443933577,121.220634065,R,10,335,16.545,121.225,486.727
85,PH201700000471,16.4760419715,121.160198718,U,2,323,16.475,121.165,537.234
86,PH201700000472,16.2859621798,121.004565985,R,10,212,16.285,121.005,73.255
87,PH201700000473,16.4007008032,121.107206359,U,2,297,16.405,121.105,348.116
88,PH201700000474,16.2034459573,120.984122615,R,10,189,16.205,120.985,132.03
89,PH201700000475,16.2307779689,121.32740214,R,10,353,16.235,121.325,361.83
90,PH201700000476,16.5641752522,121.268236507,R,10,344,16.565,121.265,363.017
91,PH201700000477,16.5661405264,121.165959301,R,10,324,16.565,121.165,125.243
92,PH201700000478,16.6307217885,121.335664604,R,10,355,16.635,121.335,258.196
93,PH201700000479,16.2762763247,121.059895091,R,10,264,16.275,121.055,549.211
94,PH201700000480,16.3371962617,121.088188877,R,10,283,16.335,121.085,376.34
95,PH201700000481,16.3964847521,121.060014784,R,10,272,16.395,121.065,560.838
96,PH201700000482,16.5068317016,121.542518961,R,10,394,16.505,121.545,295.741
97,PH201700000483,16.5805229373,121.52630777,R,10,389,16.585,121.525,298.168
98,PH201700000484,16.4812507172,121.400009072,R,10,363,16.485,121.405,595.965
99,PH201700000485,16.3402347077,121.697389435,R,10,416,16.345,121.695,384.84
100,PH201700000486,16.2696358357,121.680291812,R,10,415,16.265,121.685,589.389
101,PH201700000487,16.1398344416,121.55377114,R,10,395,16.135,121.555,312.742
102,PH201700000488,16.5838099872,121.52008023,U,2,389,16.585,121.525,551.411
103,PH201700000489,16.5378446565,121.556819627,R,10,396,16.535,121.555,261.421
104,PH201700000490,16.5625780849,121.44719105,R,10,370,16.565,121.445,281.241
105,PH201700000491,16.4717892428,121.604448372,R,10,405,16.475,121.605,196.896
106,PH201700000492,16.3142103011,121.629870453,R,10,411,16.315,121.625,543.524
107,PH201700000493,16.3744251742,121.615609771,R,10,408,16.375,121.615,75.631
108,PH201700000494,15.8456353005,121.513376709,R,10,386,15.845,121.515,184.24
109,PH201700000495,15.9701177016,121.538375209,R,10,391,15.975,121.535,470.621
110,PH201700000496,16.4345661448,122.165967997,R,10,500,16.435,122.165,110.658
111,PH201700000497,15.7433180431,121.545904966,R,10,393,15.745,121.545,140.356
112,PH201700000498,15.7791032678,121.486129225,R,10,382,15.775,121.485,269.356
113,PH201700000499,15.728919104,121.476646337,R,10,378,15.725,121.475,292.039
114,PH201700000500,15.8132405517,121.513375306,R,10,385,15.815,121.515,207.594
115,PH201700000501,16.0010219215,121.645126108,R,10,413,16.005,121.645,232.501
116,PH201700000502,16.2023107601,122.016389929,R,10,472,16.205,122.015,221.402
117,PH201700000503,15.7273122899,121.520341717,R,10,388,15.725,121.525,535.137
118,PH201700000504,15.729736111,121.521845296,R,10,388,15.725,121.525,445.946
119,PH201700000505,15.6555441398,121.603772311,R,10,404,15.655,121.605,140.147
120,PH201700000506,14.851177433,120.480883879,R,10,43,14.855,120.485,505.939
121,PH201700000507,14.6288863203,120.454381544,R,10,37,14.625,120.455,229.575
122,PH201700000508,14.6581039932,120.295559304,U,2,15,14.655,120.295,184.886
123,PH201700000509,14.6679302955,120.546272155,U,2,57,14.665,120.545,217.79
124,PH201700000510,14.6525511319,120.502748922,R,10,47,14.655,120.505,285.935
125,PH201700000511,14.6227961184,120.561278514,U,2,63,14.625,120.565,432.165
126,PH201700000512,14.5554910095,120.408237766,R,10,28,14.555,120.405,361.082
127,PH201700000513,14.8136306091,120.539013703,U,2,56,14.815,120.535,452.96
128,PH201700000514,14.7349548849,120.280646984,R,10,12,14.735,120.285,484.04
129,PH201700000515,14.5699289833,120.594097456,U,2,72,14.565,120.585,1049.336
130,PH201700000516,14.5674700963,120.5871933,U,2,72,14.565,120.585,281.09
131,PH201700000517,14.4514319987,120.505629209,R,10,46,14.455,120.505,213.201
132,PH201700000518,14.8571753523,120.971486923,U,2,180,14.855,120.975,409.992
133,PH201700000519,14.8638958988,121.04879276,U,2,253,14.865,121.045,426.462
134,PH201700000520,14.7871823767,121.019181349,U,2,220,14.785,121.015,481.467
135,PH201700000521,14.8881777466,120.837529011,U,2,136,14.885,120.835,334.494
136,PH201700000522,14.8503657436,120.735346966,U,2,123,14.855,120.735,266.169
137,PH201700000523,14.8598849909,120.909549379,U,2,153,14.855,120.905,577.709
138,PH201700000524,14.8915666191,120.92787133,R,10,160,14.895,120.925,374.747
139,PH201700000525,15.2314746864,121.026827484,R,10,230,15.235,121.025,286.558
140,PH201700000526,14.9539508653,120.934571793,R,10,165,14.955,120.935,76.573
141,PH201700000527,14.9193564596,120.783008498,U,2,128,14.915,120.785,332.423
142,PH201700000528,14.7012272505,120.934872782,U,2,164,14.705,120.935,216.119
143,PH201700000529,14.8110724556,120.721837801,U,2,119,14.815,120.725,416.436
144,PH201700000530,15.7304280095,120.895385789,R,10,150,15.735,120.895,264.54
145,PH201700000531,15.602572976,120.90233132,R,10,154,15.605,120.905,327.518
146,PH201700000532,15.6350272285,121.245183692,R,10,339,15.635,121.245,20.486
147,PH201700000533,15.3007629238,120.886980702,U,2,149,15.305,120.885,327.108
148,PH201700000534,15.2738156927,120.862981125,R,10,143,15.275,120.865,234.433
149,PH201700000535,15.3417592601,120.978972243,U,2,181,15.345,120.975,479.054
150,PH201700000536,15.7789389747,120.993473969,U,2,202,15.775,120.995,282.249
151,PH201700000537,15.7698648726,120.654566873,R,10,99,15.765,120.655,279.984
152,PH201700000538,16.0103238176,121.0488015,R,10,254,16.015,121.045,500.595
153,PH201700000539,15.4743396526,121.026591273,U,2,231,15.475,121.025,180.944
154,PH201700000540,15.5979951874,121.085891469,R,10,282,15.595,121.085,198.484
155,PH201700000541,15.3206845321,121.066295151,R,10,271,15.325,121.065,286.451
156,PH201700000542,15.1350303542,120.601518974,U,2,82,15.135,120.605,387.076
157,PH201700000543,15.1614975388,120.633421113,U,2,94,15.165,120.635,264.962
158,PH201700000544,15.1708751705,120.566977653,U,2,64,15.175,120.565,320.562
159,PH201700000545,15.1556897774,120.590721681,U,2,77,15.155,120.595,477.326
160,PH201700000546,15.1444928952,120.604204248,U,2,83,15.145,120.605,93.024
161,PH201700000547,15.1240746671,120.613366383,U,2,87,15.125,120.615,189.056
162,PH201700000548,15.1660991592,120.509984974,R,10,48,15.165,120.505,557.766
163,PH201700000549,15.1515450598,120.554836172,U,2,59,15.155,120.555,196.147
164,PH201700000550,15.2401401816,120.667845694,R,10,101,15.245,120.665,419.632
165,PH201700000551,15.125359071,120.669044463,U,2,100,15.125,120.665,450.185
166,PH201700000552,15.2240161306,120.62980311,U,2,90,15.225,120.625,536.982
167,PH201700000553,15.1159839343,120.638358678,U,2,93,15.115,120.635,377.607
168,PH201700000554,14.9425804736,120.744793457,U,2,125,14.945,120.745,139.442
169,PH201700000555,14.9522619256,120.756679526,U,2,126,14.955,120.755,243.142
170,PH201700000556,15.1301700559,120.681387355,R,10,108,15.135,120.685,486.29
171,PH201700000557,15.061011568,120.720183342,U,2,120,15.065,120.725,581.541
172,PH201700000558,15.0229435141,120.690318903,U,2,112,15.025,120.695,533.441
173,PH201700000559,14.9656191083,120.653039756,U,2,98,14.965,120.655,220.777
174,PH201700000560,14.967601913,120.779293542,U,2,127,14.965,120.775,499.847
175,PH201700000561,15.0212131867,120.715562362,R,10,116,15.025,120.715,223.979
176,PH201700000562,15.7850434821,120.595450375,R,10,79,15.785,120.595,50.14
177,PH201700000563,15.7222458454,120.463489683,R,10,39,15.725,120.465,228.718
178,PH201700000564,15.6978215951,120.331664716,R,10,21,15.695,120.335,403.298
179,PH201700000565,15.4621316743,120.613792287,R,10,88,15.465,120.615,210.751
180,PH201700000566,15.4839184311,120.586909884,U,2,73,15.485,120.585,221.01
181,PH201700000567,15.2596086085,120.523614891,U,2,52,15.255,120.525,302.433
182,PH201700000568,15.6267834485,120.578908935,R,10,68,15.625,120.575,446.207
183,PH201700000569,15.6860756902,120.555316711,R,10,60,15.685,120.555,70.268
184,PH201700000570,15.5733569095,120.663452074,R,10,103,15.575,120.665,195.725
185,PH201700000571,15.423275779,120.59976518,U,2,78,15.425,120.595,538.776
186,PH201700000572,15.426137754,120.666332302,R,10,102,15.425,120.665,161.587
187,PH201700000573,15.4813784677,120.60578041,U,2,84,15.485,120.605,222.63
188,PH201700000574,14.8562974339,120.294384669,U,2,16,14.855,120.295,99.889
189,PH201700000575,14.8474209815,120.30031372,U,2,17,14.845,120.305,538.503
190,PH201700000576,14.8441600274,120.302141989,U,2,17,14.845,120.305,321.272
191,PH201700000577,14.8429262882,120.30399607,U,2,17,14.845,120.305,161.244
192,PH201700000578,14.8373738065,120.318599278,R,10,19,14.835,120.315,421.817
193,PH201700000579,14.8420350659,120.26795204,U,2,9,14.845,120.265,367.915
194,PH201700000580,14.8429249713,120.289505869,U,2,13,14.845,120.285,514.366
195,PH201700000581,14.8409410255,120.272751318,U,2,10,14.845,120.275,338.072
196,PH201700000582,15.1309190641,120.048068834,R,10,543,15.135,120.045,409.961
197,PH201700000583,15.584998709,119.935507055,U,2,539,15.585,119.935,56.382
198,PH201700000584,15.1568287578,120.068677406,R,10,0,15.155,120.065,421.409
199,PH201700000585,15.0629501032,120.103210307,R,10,1,15.065,120.105,229.507
200,PH201700000586,14.9082115121,120.201914677,U,2,3,14.905,120.205,387.263
201,PH201700000587,14.9721060381,120.225823474,R,10,5,14.975,120.225,186.08
202,PH201700000588,15.1629663817,120.035985619,R,10,542,15.165,120.035,157.551
203,PH201700000589,15.4863264707,119.953811994,R,10,540,15.485,119.955,151.243
204,PH201700000590,15.5259058836,119.9577916,U,2,540,15.485,119.955,2292.379
205,PH201700000591,15.1624015337,120.225714729,R,10,6,15.165,120.225,165.747
206,PH201700000592,14.91372435,120.239790163,R,10,8,14.915,120.235,537.41
207,PH201700000593,14.9444813892,120.195408319,U,2,2,14.945,120.195,53.876
220,PH201700000606,14.4338284481,120.922250807,R,10,159,14.435,120.925,312.941
221,PH201700000607,14.4079073346,120.919666045,R,10,156,14.405,120.915,544.78
222,PH201700000608,14.4122813841,120.843801784,U,2,141,14.395,120.855,1587.901
223,PH201700000609,14.288333929,121.00118168,U,2,205,14.285,121.005,465.541
224,PH201700000610,14.2020632909,120.864182513,R,10,142,14.205,120.865,190.595
225,PH201700000611,14.2790918701,120.795271417,R,10,130,14.275,120.795,234.891
226,PH201700000612,14.310316585,120.945458237,R,10,166,14.315,120.945,272.595
227,PH201700000613,14.4086747353,120.930163819,R,10,162,14.405,120.935,577.322
228,PH201700000614,14.3832579804,120.92256372,R,10,158,14.385,120.925,288.612
229,PH201700000615,14.3926823008,120.873923145,U,2,146,14.395,120.875,178.403
230,PH201700000616,14.3901997862,120.857328204,R,10,141,14.395,120.855,376.781
231,PH201700000617,14.0902931737,120.933503565,U,2,161,14.095,120.935,316.341
232,PH201700000618,14.1252334852,121.324959805,U,2,352,14.125,121.325,14.218
233,PH201700000619,14.2045657781,121.227146938,U,2,334,14.205,121.225,240.037
234,PH201700000620,14.1510221942,121.253753424,R,10,342,14.155,121.255,268.102
235,PH201700000621,14.2613837751,121.065976205,U,2,266,14.265,121.065,234.172
236,PH201700000622,14.2732234483,121.130512507,U,2,307,14.275,121.135,509.332
237,PH201700000623,14.2891463968,121.097658503,R,10,286,14.285,121.095,379.593
238,PH201700000624,14.46538423,121.422094977,R,10,366,14.465,121.425,323.791
239,PH201700000625,14.0851807248,121.33649417,R,10,354,14.085,121.335,166.472
240,PH201700000626,14.2007101388,121.083119455,U,2,277,14.205,121.085,323.077
241,PH201700000627,14.247383537,121.146233208,U,2,312,14.245,121.145,193.894
242,PH201700000628,14.330582051,121.052438629,U,2,255,14.335,121.055,381.227
243,PH201700000629,14.178892475,121.200553203,U,2,330,14.175,121.205,542.929
244,PH201700000630,13.9608601032,121.619011874,U,2,407,13.965,121.615,507.192
245,PH201700000631,13.9361335038,121.596715739,U,2,402,13.935,121.595,201.887
246,PH201700000632,13.924889222,121.609361765,U,2,403,13.925,121.605,485.049
247,PH201700000633,13.9478812368,121.57258975,U,2,398,13.945,121.575,316.177
248,PH201700000634,13.9038036478,121.587910674,R,10,400,13.905,121.585,331.068
249,PH201700000635,13.9349947736,121.429069739,U,2,365,13.935,121.425,452.534
250,PH201700000636,13.9488692939,121.35767531,R,10,358,13.945,121.355,372.315
251,PH201700000637,13.9570835986,121.938808332,R,10,443,13.955,121.935,440.846
252,PH201700000638,13.9512546202,122.28380788,U,2,509,13.955,122.285,258.946
253,PH201700000639,13.860099944,121.92394892,R,10,441,13.865,121.925,310.926
254,PH201700000640,14.0194853812,122.516309685,R,10,787,14.015,122.515,305.094
255,PH201700000641,14.1485027842,121.651834234,R,10,414,14.145,121.655,407.056
256,PH201700000642,13.9638061746,121.5230027,R,10,387,13.965,121.525,232.683
257,PH201700000643,13.8790689552,121.320862431,R,10,351,13.875,121.325,516.715
258,PH201700000644,14.029153525,122.43469043,R,10,774,14.025,122.435,250.09
259,PH201700000645,14.008235763,122.619717219,R,10,804,14.005,122.615,559.237
260,PH201700000646,13.6360349006,122.481464272,R,10,783,13.635,122.485,397.983
261,PH201700000647,14.7121605914,121.142483446,U,2,314,14.715,121.145,323.987
262,PH201700000648,14.7508143648,121.136881545,U,2,309,14.755,121.135,318.885
263,PH201700000649,14.6414344843,121.151421704,U,2,316,14.645,121.155,447.641
264,PH201700000650,14.5029007379,121.27720852,U,2,346,14.505,121.275,273.85
265,PH201700000651,14.4737996228,121.210184196,U,2,333,14.475,121.215,539.942
266,PH201700000652,14.547384031,121.122779015,U,2,305,14.545,121.125,282.428
267,PH201700000653,14.5659420454,121.126347982,U,2,306,14.565,121.125,159.369
268,PH201700000654,14.7445752345,121.167938814,U,2,322,14.745,121.165,327.694
269,PH201700000655,14.6271858633,121.167458123,U,2,321,14.625,121.165,300.886
270,PH201700000656,14.5140127104,121.23949326,U,2,336,14.515,121.235,502.861
271,PH201700000657,14.5821063667,121.148649528,U,2,313,14.585,121.145,438.609
272,PH201700000658,14.5527789742,121.136791924,U,2,308,14.555,121.135,236.662
273,PH201700000727,13.2736321282,123.771935718,U,2,959,13.275,123.775,351.067
274,PH201700000728,13.2617039325,123.438660675,R,10,906,13.265,123.435,454.393
275,PH201700000729,13.2368753555,123.486941494,R,10,912,13.235,123.485,244.629
276,PH201700000730,13.1311120968,123.747321813,U,2,953,13.135,123.745,352.604
277,PH201700000731,13.1366892312,123.690563154,R,10,943,13.135,123.695,504.238
278,PH201700000732,13.0654919923,123.690481582,U,2,942,13.065,123.695,503.341
279,PH201700000733,13.2455072492,123.720499647,R,10,949,13.245,123.725,501.395
280,PH201700000734,13.3304338086,123.736689091,R,10,951,13.335,123.735,338.804
281,PH201700000735,13.2444079617,123.955253671,R,10,990,13.245,123.955,46.343
282,PH201700000736,13.0982898609,123.589401861,R,10,926,13.095,123.585,529.651
283,PH201700000737,13.0964533447,123.657371192,R,10,938,13.095,123.655,278.461
284,PH201700000738,13.1295255198,123.568200146,R,10,925,13.125,123.565,451.702
285,PH201700000739,14.2713416604,122.572260889,R,10,798,14.275,122.575,375.141
286,PH201700000740,14.1754123761,122.637161724,R,10,808,14.175,122.635,241.641
287,PH201700000741,14.1482946593,122.860884889,R,10,833,14.145,122.865,498.896
288,PH201700000742,14.1509383394,122.976218973,R,10,853,14.155,122.975,280.71
289,PH201700000743,14.1777396069,122.929637436,R,10,835,14.175,122.925,541.594
290,PH201700000744,14.0949504696,123.031316396,R,10,868,14.095,123.035,409.609
291,PH201700000745,14.2822515602,122.692588527,U,2,817,14.285,122.695,314.883
292,PH201700000746,14.2729065087,122.822422268,R,10,827,14.275,122.825,313.176
293,PH201700000747,14.1534498012,122.528053808,R,10,789,14.155,122.525,351.99
294,PH201700000748,14.1025359021,122.9699025,R,10,846,14.105,122.965,565.155
295,PH201700000749,14.1171832791,123.001517187,U,2,862,14.115,123.005,409.224
296,PH201700000750,14.10286981,122.978093541,R,10,852,14.105,122.975,367.353
297,PH201700000751,13.2847241688,123.321734835,R,10,896,13.285,123.325,363.461
298,PH201700000752,13.8699310823,123.695653435,R,10,944,13.865,123.695,312.748
299,PH201700000753,13.4325732801,123.534679154,R,10,920,13.435,123.535,153.281
300,PH201700000754,13.5178585735,123.279424383,R,10,891,13.515,123.275,521.968
301,PH201700000755,13.7269768767,123.2213079,R,10,887,13.725,123.225,427.845
303,PH201700000757,13.4079710618,123.409323697,U,2,902,13.405,123.405,514.032
304,PH201700000758,13.7643319358,123.540170292,R,10,921,13.765,123.545,538.605
305,PH201700000759,13.511100564,123.59174465,R,10,928,13.515,123.595,434.263
306,PH201700000760,13.6352302621,123.191996587,U,2,886,13.635,123.195,334.258
307,PH201700000761,13.6539014168,123.124510985,R,10,880,13.655,123.125,86.098
308,PH201700000762,13.5780833841,123.083166435,R,10,877,13.575,123.085,276.759
309,PH201700000763,13.8812577893,124.311101802,R,10,1059,13.885,124.315,492.859
310,PH201700000764,13.6555582852,124.301056941,R,10,1057,13.655,124.305,439.842
311,PH201700000765,13.7892994674,124.40335525,R,10,1059,13.885,124.315,11514.917
312,PH201700000766,13.5891742959,124.234277882,R,10,1040,13.585,124.235,273.195
313,PH201700000767,13.5763713908,124.161751599,R,10,1029,13.575,124.165,371.218
314,PH201700000768,13.6272456625,124.065208646,R,10,1014,13.625,124.065,141.78
315,PH201700000769,13.9862753412,124.166880791,R,10,1030,13.985,124.165,223.785
316,PH201700000770,13.7382284712,124.145173322,R,10,1027,13.735,124.145,202.417
317,PH201700000771,13.8736489911,124.287683156,R,10,1056,13.875,124.285,310.123
318,PH201700000772,13.60704608,124.237632231,R,10,1041,13.605,124.235,319.456
319,PH201700000773,13.5801632611,124.144757698,R,10,1026,13.585,124.145,303.072
320,PH201700000774,13.6638647232,124.034912046,R,10,1008,13.665,124.035,71.328
321,PH201700000775,12.4149026832,123.524531956,R,10,919,12.415,123.525,52.386
322,PH201700000776,12.1798601037,123.389198001,R,10,901,12.175,123.385,553.479
323,PH201700000777,12.5104420969,123.253939448,R,10,889,12.515,123.255,301.902
324,PH201700000778,12.3174609682,123.696084872,R,10,941,12.315,123.695,193.906
325,PH201700000779,11.9590604801,123.835548123,R,10,967,11.955,123.835,258.684
327,PH201700000781,12.5073328716,123.461078894,R,10,899,12.465,123.375,9916.408
328,PH201700000782,12.4647506188,123.374876692,U,2,899,12.465,123.375,20.511
329,PH201700000783,13.017759287,122.987135529,R,10,856,13.015,122.985,290.328
330,PH201700000784,12.1816752299,123.816425128,R,10,962,12.185,123.815,259.698
331,PH201700000785,11.7749010981,124.02611722,R,10,1003,11.775,124.025,124.382
333,PH201700000787,13.0318338466,124.0412118,R,10,1010,13.035,124.045,465.057
334,PH201700000788,12.9908247551,123.915012413,R,10,982,12.995,123.915,259.047
335,PH201700000789,12.8888772966,124.094314816,R,10,1018,12.885,124.095,253.403
336,PH201700000790,12.6624378222,123.99060174,R,10,998,12.665,123.995,514.35
337,PH201700000791,12.6939888813,124.037482179,R,10,1007,12.695,124.035,283.089
338,PH201700000792,12.5566986122,124.028198682,R,10,1004,12.555,124.025,371.048
339,PH201700000793,13.0108477354,124.133991855,R,10,1021,13.015,124.135,282.295
340,PH201700000794,12.9704567166,123.996872184,R,10,999,12.975,123.995,350.894
341,PH201700000795,13.0063165523,123.75944089,R,10,956,13.005,123.755,500.46
342,PH201700000796,12.8210708566,124.143877728,R,10,1025,12.825,124.145,275.15
343,PH201700000797,12.7598543243,123.984039998,R,10,995,12.755,123.985,320.045
344,PH201700000798,12.7026678661,124.136849427,R,10,1007,12.695,124.035,11335.216
345,PH201700000346,10.812822754,122.960792928,U,2,845,10.815,122.965,485.997
346,PH201700000347,10.5897878873,123.042811965,U,2,870,10.585,123.045,378.773
347,PH201700000348,10.8838242033,123.464165588,R,10,910,10.885,123.465,117.5
348,PH201700000349,9.81470223556,122.447305337,U,2,778,9.815,122.445,256.957
349,PH201700000350,10.2814382212,122.85622776,U,2,832,10.285,122.855,254.57
350,PH201700000351,10.3652702086,123.015725238,U,2,864,10.365,123.015,82.288
351,PH201700000352,10.8251568785,123.05103465,U,2,872,10.825,123.055,441.029
352,PH201700000353,10.8849306209,123.512440575,U,2,915,10.885,123.515,284.627
353,PH201700000354,10.5576050596,123.199042455,U,2,885,10.555,123.195,476.66
354,PH201700000355,10.5894419946,122.947285358,U,2,838,10.585,122.945,369.777
355,PH201700000356,9.75170891562,122.444355885,R,10,777,9.755,122.445,208.984
356,PH201700000357,10.4846809616,122.924104995,U,2,834,10.485,122.925,101.371
357,PH201700000358,10.6667370756,122.987657886,U,2,855,10.665,122.985,313.695
358,PH201700000359,10.6728586555,123.053118569,U,2,871,10.675,123.055,246.238
359,PH201700000360,10.6629864362,122.956498337,R,10,843,10.665,122.955,206.381
360,PH201700000361,10.6522012379,123.019104702,U,2,866,10.655,123.015,486.905
361,PH201700000362,10.6295192099,122.956507156,U,2,842,10.625,122.955,320.645
362,PH201700000363,10.6579466831,122.945956009,U,2,840,10.655,122.945,207.492
363,PH201700000364,10.6004556205,122.909851482,U,2,838,10.585,122.945,4018.432
364,PH201700000365,10.6074589192,122.970428312,U,2,847,10.605,122.975,529.68
365,PH201700000366,10.6720464617,123.029489499,U,2,867,10.675,123.025,530.331
366,PH201700000367,10.6743893641,122.993777123,U,2,857,10.675,122.995,140.915
367,PH201700000368,10.6876940099,122.970112538,U,2,849,10.685,122.975,567.388
368,PH201700000369,10.6457157544,122.978913758,R,10,848,10.645,122.975,437.341
369,PH201700000370,10.6494943968,122.963233357,U,2,844,10.645,122.965,335.457
370,PH201700000371,10.6202104693,123.013410442,U,2,865,10.625,123.015,339.764
371,PH201700000372,10.6214901113,122.940505299,U,2,839,10.625,122.945,542.984
372,PH201700000373,10.6615530068,122.933502464,U,2,836,10.665,122.935,266.744
373,PH201700000799,11.7044565437,122.312107125,R,10,511,11.705,122.315,323.291
374,PH201700000800,11.6797152031,122.377790929,R,10,515,11.675,122.375,418.488
375,PH201700000801,11.8352676312,121.924716922,R,10,440,11.835,121.925,35.191
376,PH201700000802,11.6301036764,122.358860805,R,10,513,11.635,122.355,518.849
377,PH201700000803,11.5757933213,122.465900674,R,10,780,11.575,122.465,110.781
378,PH201700000804,11.5234034297,122.250407858,R,10,508,11.525,122.255,519.337
379,PH201700000805,11.7177258113,122.378490051,R,10,516,11.715,122.375,420.649
380,PH201700000806,11.8018974554,122.06833568,R,10,482,11.805,122.065,413.667
381,PH201700000807,11.9486507833,121.931703558,U,2,440,11.835,121.925,6724.828
382,PH201700000808,11.8567198826,122.04749071,R,10,476,11.855,122.045,294.959
383,PH201700000809,11.5719724297,122.428334223,R,10,773,11.575,122.425,412.361
384,PH201700000810,11.6162480622,122.472314722,R,10,781,11.615,122.475,307.746
385,PH201700000811,11.2995400252,122.06350754,R,10,481,11.295,122.065,315.22
386,PH201700000812,10.8911175485,122.021446622,R,10,473,10.895,122.025,456.642
387,PH201700000813,11.3182895003,122.077167848,R,10,485,11.315,122.075,309.576
388,PH201700000814,10.468280772,121.947434756,R,10,446,10.465,121.945,332.499
389,PH201700000815,10.8058975916,121.997417232,R,10,466,10.805,121.995,273.937
390,PH201700000816,10.8069963139,122.074852687,R,10,483,10.805,122.075,119.01
391,PH201700000817,11.0630820468,122.079093423,R,10,484,11.065,122.075,469.047
392,PH201700000818,11.394834057,122.084352384,R,10,488,11.395,122.085,72.676
393,PH201700000819,11.0124611379,122.125493388,R,10,493,11.015,122.125,159.834
394,PH201700000820,10.4577188783,121.916890875,R,10,438,10.455,121.915,264.109
395,PH201700000821,10.7683968561,121.997588628,R,10,465,10.765,121.995,350.582
396,PH201700000822,10.8818678174,122.166107592,R,10,499,10.885,122.165,222.591
397,PH201700000823,11.5806385523,122.742864041,U,2,821,11.585,122.745,353.862
398,PH201700000824,11.4387385508,122.832664879,R,10,828,11.435,122.835,343.838
399,PH201700000825,11.3608954896,122.970277639,R,10,851,11.365,122.975,580.888
400,PH201700000826,11.3078088777,122.694464621,R,10,816,11.305,122.695,178.906
401,PH201700000827,11.4723175662,122.666599497,R,10,813,11.475,122.665,239.896
402,PH201700000828,11.293641625,122.467407528,R,10,779,11.295,122.465,279.714
403,PH201700000829,11.6019308713,122.740569121,U,2,822,11.605,122.745,526.133
404,PH201700000830,11.4469512703,122.81873501,R,10,826,11.445,122.815,431.64
405,PH201700000831,11.4746940852,122.749984568,U,2,820,11.475,122.745,554.564
406,PH201700000832,11.3944282308,122.666958736,R,10,812,11.395,122.665,220.488
408,PH201700000834,11.1943928977,122.844398065,R,10,830,11.195,122.845,76.292
409,PH201700000835,10.6780759075,122.608872891,R,10,802,10.675,122.605,468.429
410,PH201700000836,10.6655082904,122.694846655,R,10,814,10.665,122.695,34.969
411,PH201700000837,10.6231619969,122.70800459,R,10,818,10.625,122.705,351.873
412,PH201700000838,10.5973782871,122.596157934,U,2,799,10.595,122.595,192.026
413,PH201700000839,10.6832384447,122.695759171,R,10,815,10.685,122.695,135.356
414,PH201700000840,10.5374720202,122.681231425,R,10,810,10.485,122.655,4292.579
415,PH201700000841,10.8095170421,122.661828157,R,10,811,10.735,122.655,4535.329
416,PH201700000842,10.6492688119,122.713999486,R,10,819,10.645,122.715,279.622
417,PH201700000843,10.5246200047,122.608170815,R,10,801,10.525,122.605,353.313
418,PH201700000844,10.6679211476,122.635110255,R,10,806,10.665,122.635,175.598
419,PH201700000845,10.7386186609,122.659766765,R,10,811,10.735,122.655,572.789
420,PH201700000846,10.4828828002,122.655970709,R,10,810,10.485,122.655,166.695
421,PH201700000847,10.7803053016,122.555579289,R,10,795,10.785,122.555,288.2
422,PH201700000848,10.72243093,122.554192651,U,2,794,10.725,122.555,178.013
423,PH201700000849,10.7354459133,122.546136893,U,2,791,10.735,122.545,129.2
424,PH201700000850,10.6994359564,122.585092063,U,2,796,10.705,122.565,2258.832
425,PH201700000851,10.682190715,122.504821467,U,2,784,10.685,122.505,169.033
426,PH201700000852,10.7193822644,122.556639461,R,10,793,10.715,122.555,319.362
427,PH201700000853,10.7102049691,122.549209341,U,2,790,10.715,122.545,548.963
428,PH201700000854,10.7070278968,122.562757531,U,2,796,10.705,122.565,277.32
429,PH201700000855,11.1779309636,122.629440434,R,10,805,11.175,122.625,524.09
430,PH201700000856,11.5205976092,123.074218086,R,10,873,11.525,123.075,280.94
431,PH201700000857,11.1709442008,122.976336856,R,10,850,11.175,122.975,286.966
432,PH201700000858,10.6449242304,122.173821194,R,10,503,10.645,122.175,131.154
433,PH201700000859,10.7276619046,122.442430702,R,10,776,10.725,122.445,326.856
434,PH201700000860,10.6852936308,122.334911695,R,10,512,10.685,122.335,20.035
435,PH201700000861,11.026703885,122.782584498,R,10,824,11.025,122.785,287.517
436,PH201700000862,10.9197548842,122.635349511,R,10,807,10.915,122.635,287.768
437,PH201700000863,11.0684326779,122.592144173,R,10,800,11.065,122.595,378.307
438,PH201700000864,10.6268073867,122.172225958,R,10,502,10.625,122.175,326.496
439,PH201700000865,10.7769461872,122.231325999,R,10,506,10.775,122.235,424.523
440,PH201700000866,11.0485973038,122.480690341,R,10,782,11.045,122.485,525.159
441,PH201700000374,9.60961404012,123.113287573,R,10,879,9.605,123.115,338.849
442,PH201700000375,9.57337890103,123.074909052,R,10,876,9.575,123.075,98.892
443,PH201700000376,9.5265698635,123.070360828,R,10,875,9.525,123.075,524.574
444,PH201700000377,9.30955382882,123.304306169,R,10,894,9.305,123.305,288.544
445,PH201700000378,9.07060338814,122.992587303,R,10,861,9.075,122.995,377.951
446,PH201700000379,9.2229643435,123.261420467,R,10,890,9.225,123.265,416.939
447,PH201700000380,9.46922322552,123.169044173,R,10,883,9.465,123.165,517.905
448,PH201700000381,10.2743861331,123.315528354,U,2,895,10.275,123.315,69.693
449,PH201700000382,10.04239389,123.097790013,R,10,878,10.045,123.095,348.26
450,PH201700000383,9.36839315767,122.797945996,U,2,825,9.365,122.795,386.102
451,PH201700000384,9.05604460293,123.060418671,R,10,861,9.075,122.995,7364.381
452,PH201700000385,9.20304570576,123.073030563,R,10,874,9.205,123.075,249.04
453,PH201700000867,9.61380526778,124.231150274,R,10,1043,9.615,124.235,434.545
454,PH201700000868,10.1025653347,124.14203167,R,10,1024,10.105,124.145,363.359
455,PH201700000869,10.0541379383,124.500828227,R,10,1080,10.055,124.505,467.047
456,PH201700000870,9.67848407215,123.97630197,R,10,993,9.675,123.975,260.445
457,PH201700000871,9.63597216569,124.029145663,R,10,1006,9.635,124.025,464.929
458,PH201700000872,9.90546283057,123.815139973,R,10,965,9.905,123.815,32.597
459,PH201700000873,9.62387733519,124.240641916,R,10,1048,9.625,124.245,489.662
461,PH201700000875,10.0674866188,124.31883573,R,10,1058,10.065,124.315,454.107
462,PH201700000876,9.60846346128,123.795802905,R,10,961,9.605,123.795,232.075
463,PH201700000877,9.6158996281,123.98379775,R,10,996,9.615,123.985,144.907
464,PH201700000878,9.8206855301,123.995048593,R,10,1001,9.825,123.995,268.291
465,PH201700000879,10.3906534212,123.927030242,U,2,984,10.395,123.925,351.752
466,PH201700000880,10.3158145164,123.904538502,U,2,980,10.315,123.905,72.012
467,PH201700000881,10.3169175245,123.879462371,U,2,977,10.315,123.875,510.229
468,PH201700000882,10.3088852472,123.9068358,U,2,979,10.305,123.905,315.829
469,PH201700000883,10.2808940522,123.855681639,U,2,972,10.285,123.855,265.402
470,PH201700000884,10.2836980696,123.869501831,U,2,974,10.285,123.865,507.04
471,PH201700000885,10.2878510748,123.873350961,U,2,976,10.285,123.875,254.648
472,PH201700000886,10.3106810201,123.898412309,U,2,978,10.315,123.895,464.438
473,PH201700000887,10.3009059786,123.996259772,U,2,997,10.305,123.995,290.535
474,PH201700000888,10.302877037,123.986743913,U,2,994,10.305,123.985,234.553
475,PH201700000889,10.3240371186,123.975111808,U,2,991,10.325,123.975,61.111
476,PH201700000890,10.290334257,124.001838363,U,2,1002,10.295,124.005,455.822
477,PH201700000891,10.3214262749,123.974590321,U,2,991,10.325,123.975,226.691
478,PH201700000892,10.3072002937,123.954655766,U,2,987,10.305,123.955,141.913
479,PH201700000893,10.3070701045,123.938834858,U,2,987,10.305,123.955,1802.072
480,PH201700000894,10.2719440755,124.054938987,R,10,1012,10.275,124.055,190.407
481,PH201700000895,10.3531706605,123.919596823,U,2,981,10.355,123.915,523.594
482,PH201700000896,10.3590838787,123.95156667,U,2,989,10.355,123.955,458.338
483,PH201700000897,10.3574936619,123.95208543,U,2,989,10.355,123.955,359.187
484,PH201700000898,10.3746748913,123.925735894,U,2,983,10.375,123.925,84.278
485,PH201700000899,10.3275575827,123.95312244,U,2,988,10.335,123.955,507.178
486,PH201700000900,10.3470673332,123.943976161,U,2,985,10.345,123.945,171.573
487,PH201700000901,10.3272339613,123.933682294,U,2,985,10.345,123.945,1673.393
488,PH201700000902,10.3331503985,123.95129868,U,2,988,10.335,123.955,427.297
489,PH201700000903,10.2584019838,123.956793345,R,10,986,10.255,123.955,290.532
490,PH201700000904,10.2567401937,123.959227578,R,10,986,10.255,123.955,482.351
491,PH201700000905,10.6859720073,123.866326262,R,10,975,10.685,123.865,159.298
492,PH201700000906,10.2205887146,123.752002129,U,2,955,10.225,123.755,430.579
493,PH201700000907,10.097954384,123.668082424,U,2,939,10.095,123.665,388.127
494,PH201700000908,10.0861097116,123.52761044,R,10,918,10.085,123.525,298.161
495,PH201700000909,10.3811032333,123.65079955,U,2,937,10.385,123.655,525.176
496,PH201700000910,10.4366873806,123.677356052,U,2,940,10.435,123.675,281.883
497,PH201700000911,10.5366850223,123.774051113,R,10,958,10.535,123.775,148.264
498,PH201700000912,10.2436121914,123.780667095,U,2,960,10.245,123.785,489.379
499,PH201700000913,10.3493051781,123.609564945,R,10,930,10.345,123.605,572.594
500,PH201700000914,10.2838730121,123.649067295,R,10,936,10.285,123.645,457.562
501,PH201700000915,9.21353087042,123.588273396,R,10,927,9.215,123.585,375.036
502,PH201700000916,9.19086657461,123.503337454,R,10,914,9.195,123.505,313.915
503,PH201700000917,9.21593331465,123.465251056,R,10,911,9.215,123.465,63.673
504,PH201700000918,9.19905275885,123.638394375,R,10,935,9.195,123.635,452.516
505,PH201700000919,9.14224542124,123.692483851,R,10,946,9.145,123.695,327.339
506,PH201700000920,9.15014418673,123.515146624,U,2,917,9.155,123.515,298.578
507,PH201700000921,9.22310277571,123.528619549,R,10,914,9.195,123.505,3142.484
508,PH201700000922,9.1753418827,123.638821878,R,10,934,9.175,123.635,425.495
509,PH201700000923,9.18465177211,123.485166005,R,10,913,9.185,123.485,28.233
510,PH201700000924,9.28833608776,123.612577453,R,10,932,9.285,123.615,338.725
511,PH201700000925,9.15168987081,123.554937189,R,10,924,9.155,123.555,203.565
512,PH201700000926,9.12091370965,123.551120298,R,10,923,9.125,123.555,499.178
513,PH201700000927,11.5936539395,124.394204284,R,10,1067,11.595,124.395,122.382
514,PH201700000928,11.5326690444,124.42448442,R,10,1072,11.535,124.425,157.343
515,PH201700000929,11.6917236856,124.370912739,R,10,1065,11.685,124.375,620.261
516,PH201700000930,11.6870414243,124.378056714,R,10,1065,11.685,124.375,363.254
517,PH201700000931,11.5454321409,124.472172154,R,10,1076,11.545,124.475,315.616
518,PH201700000932,11.5155529524,124.551703473,R,10,1086,11.515,124.555,368.212
519,PH201700000933,11.6591761614,124.358680127,R,10,1064,11.655,124.375,1833.522
520,PH201700000934,11.6566826304,124.370254394,R,10,1064,11.655,124.375,538.156
521,PH201700000935,11.6705173528,124.531815409,R,10,1076,11.545,124.475,10120.077
522,PH201700000936,11.4778846554,124.570539662,R,10,1089,11.475,124.575,528.311
523,PH201700000937,11.4887579336,124.493605797,R,10,1078,11.485,124.495,282.905
524,PH201700000938,11.499289904,124.455274608,R,10,1074,11.495,124.455,271.599
525,PH201700000939,11.9825114875,125.43838393,R,10,658,11.985,125.435,409.052
526,PH201700000940,12.2477904372,125.396000094,R,10,655,12.245,125.395,211.344
527,PH201700000941,12.3056684195,125.258791313,R,10,637,12.305,125.255,423.752
528,PH201700000942,11.0819367128,125.726151066,R,10,717,11.085,125.725,236.515
529,PH201700000943,11.4282647244,125.467196897,R,10,663,11.425,125.465,322.553
530,PH201700000944,11.1236708961,125.374817423,R,10,653,11.125,125.375,87.935
531,PH201700000945,12.2490023373,125.349076965,R,10,651,12.245,125.345,521.349
532,PH201700000946,12.1040257433,125.483013594,R,10,658,11.985,125.435,9351.686
533,PH201700000947,11.5916593433,125.446173844,R,10,661,11.595,125.445,251.881
534,PH201700000948,11.1316178834,125.688299898,R,10,712,11.135,125.685,427.514
535,PH201700000949,11.0373129261,125.731547726,R,10,719,11.035,125.735,412.214
536,PH201700000950,11.2128925958,125.441887435,R,10,660,11.215,125.445,371.823
537,PH201700000951,11.2277847558,124.992825645,R,10,599,11.225,124.995,299.986
538,PH201700000952,11.2619125886,124.957469856,U,2,588,11.265,124.955,337.808
539,PH201700000953,11.2298008857,124.998809108,U,2,599,11.225,124.995,522.626
540,PH201700000954,11.2398216425,125.004057429,R,10,599,11.225,124.995,1381.273
541,PH201700000955,11.196915053,125.010917186,U,2,603,11.195,125.015,470.142
542,PH201700000956,11.2220067245,125.002363732,R,10,599,11.225,124.995,840.769
543,PH201700000957,11.2078427529,124.995997161,U,2,598,11.205,124.995,212.507
544,PH201700000958,11.2549014879,124.98941739,R,10,599,11.225,124.995,2005.214
545,PH201700000959,11.3237641199,124.755455065,R,10,1118,11.325,124.755,93.262
546,PH201700000960,10.9924450009,124.427674156,R,10,1071,10.995,124.425,337.959
547,PH201700000961,11.1781133902,124.986403165,R,10,596,11.175,124.985,252.478
548,PH201700000962,10.6435817092,124.854249436,R,10,563,10.645,124.855,122.836
549,PH201700000963,11.036222999,124.935770655,R,10,582,11.035,124.935,115.793
550,PH201700000964,10.9904487084,124.988287526,R,10,595,10.995,124.985,466.728
551,PH201700000965,11.0154826128,124.584541767,U,2,1091,11.015,124.585,59.364
552,PH201700000966,10.9506066886,124.391967719,R,10,1066,10.955,124.395,435.699
553,PH201700000967,11.2880258061,124.773387483,R,10,549,11.285,124.775,262.628
554,PH201700000968,11.0753259655,124.885163112,R,10,567,11.075,124.885,27.544
555,PH201700000969,11.0515732021,124.952669771,R,10,587,11.055,124.955,338.814
556,PH201700000970,10.8100684734,124.981667791,R,10,594,10.815,124.985,485.936
557,PH201700000971,12.4958517061,125.021388772,R,10,605,12.495,125.025,405.212
558,PH201700000972,12.3092365226,125.328011322,R,10,650,12.305,125.325,431.647
559,PH201700000973,12.5145911087,125.112906741,R,10,615,12.515,125.115,234.224
560,PH201700000974,12.3616406099,124.337645315,R,10,1062,12.445,124.345,5292.489
561,PH201700000975,12.3594237368,124.657190039,R,10,1101,12.355,124.655,370.869
562,PH201700000976,12.44141762,124.34994381,R,10,1062,12.445,124.345,593.895
563,PH201700000977,12.5672482416,125.039836112,R,10,606,12.565,125.035,556.575
564,PH201700000978,12.5894277068,125.140593075,R,10,621,12.585,125.145,566.076
565,PH201700000979,12.3368765109,125.253840342,R,10,638,12.335,125.255,176.446
566,PH201700000980,12.4845041381,124.652295331,R,10,1102,12.485,124.655,302.375
567,PH201700000981,12.5387328402,124.282157329,R,10,1055,12.535,124.285,393.165
568,PH201700000982,12.5188932196,124.411366331,R,10,1069,12.515,124.415,472.347
569,PH201700000983,10.3795969378,124.965979209,R,10,590,10.375,124.965,312.516
570,PH201700000984,9.92949434794,125.248766471,R,10,664,9.795,125.465,25554.039
571,PH201700000985,10.4790071082,124.971977471,R,10,593,10.475,124.975,422.12
572,PH201700000986,10.4214341815,124.935846635,R,10,581,10.425,124.935,245.8
573,PH201700000987,10.1052844249,124.952567507,R,10,586,10.105,124.955,271.087
574,PH201700000988,10.204562088,124.832016931,R,10,559,10.205,124.835,332.866
575,PH201700000989,10.2638515818,125.119257242,R,10,614,10.265,125.115,479.049
576,PH201700000990,10.5492293111,125.127545685,R,10,617,10.545,125.125,391.593
577,PH201700000991,10.2604429747,125.237043976,R,10,634,10.265,125.235,370.303
578,PH201700000992,10.3818084088,124.965980317,R,10,591,10.385,124.965,230.751
579,PH201700000993,10.2492139959,124.893127613,R,10,570,10.245,124.895,339.411
580,PH201700000994,10.0507697895,125.019089022,R,10,602,10.055,125.015,528.758
581,PH201700000995,11.7501885653,124.908683012,R,10,574,11.755,124.905,511.319
582,PH201700000996,12.1521165497,124.524633542,R,10,1081,12.155,124.525,186.231
583,PH201700000997,11.6851763589,124.853374232,R,10,564,11.685,124.855,181.124
584,PH201700000998,11.2846340339,125.062931728,R,10,599,11.225,124.995,8458.396
585,PH201700000999,11.6980716954,125.044047022,R,10,607,11.695,125.045,222.922
586,PH201700001000,11.6796384967,124.885016885,R,10,568,11.675,124.885,294.995
587,PH201700001001,12.0919554694,124.601465359,R,10,1094,12.095,124.605,437.535
588,PH201700001002,11.9809335086,124.724593425,R,10,1113,11.985,124.725,261.511
589,PH201700001003,12.1762202383,124.444325754,R,10,1073,12.175,124.445,107.288
590,PH201700001004,11.5990619518,125.003515521,R,10,601,11.595,125.005,307.208
591,PH201700001005,11.5284936014,124.842506869,R,10,561,11.525,124.845,355.126
592,PH201700001006,11.903039366,125.083616006,R,10,610,11.905,125.085,198.458
593,PH201700000013,6.71590321977,121.995735295,R,10,468,6.715,121.995,97.553
594,PH201700000014,6.70182152782,121.976884443,R,10,462,6.705,121.975,280.958
595,PH201700000015,6.69470046712,121.956108288,U,2,454,6.695,121.955,124.49
596,PH201700000016,6.7356840707,121.950270556,R,10,455,6.735,121.955,527.429
597,PH201700000017,6.70662791623,121.962071639,U,2,459,6.705,121.965,339.426
598,PH201700000018,6.72634959922,122.002148189,R,10,469,6.725,122.005,326.928
599,PH201700001007,8.59285107746,123.341972989,U,2,898,8.595,123.345,361.306
600,PH201700001008,8.48219533661,123.295181045,R,10,892,8.485,123.295,172.378
601,PH201700001009,8.72034457271,123.400063029,R,10,904,8.725,123.405,618.529
602,PH201700001010,8.22620152259,122.995122693,R,10,860,8.225,122.995,74.024
603,PH201700001011,8.32086877808,123.007648295,R,10,863,8.325,123.005,386.437
604,PH201700001012,8.0405776986,122.547801403,R,10,792,8.045,122.545,408.678
605,PH201700001013,8.48117091922,123.418693781,R,10,905,8.485,123.415,472.95
606,PH201700001014,8.62138702027,123.511509161,R,10,916,8.625,123.515,447.072
607,PH201700001015,8.37135037117,123.242905065,R,10,888,8.375,123.245,322.115
608,PH201700001016,8.08238280445,122.755757556,R,10,823,8.085,122.755,178.573
609,PH201700001017,7.75928432011,122.142462558,R,10,498,7.755,122.145,379.279
610,PH201700001018,8.14132997897,123.13298853,R,10,881,8.145,123.135,315.883
611,PH201700001019,8.192497902,123.344663952,R,10,897,8.195,123.345,157.43
612,PH201700001020,8.08580934016,123.447942826,R,10,908,8.085,123.445,330.965
613,PH201700001021,8.00081651211,123.183890922,R,10,884,8.005,123.185,282.906
614,PH201700001022,7.46868699229,123.300939709,R,10,893,7.465,123.305,504.489
615,PH201700001023,7.85017540698,122.999402211,R,10,859,7.855,122.995,570.063
616,PH201700001024,7.91849606761,123.033140763,R,10,869,7.915,123.035,296.058
617,PH201700001025,7.83103181807,123.433887194,U,2,907,7.835,123.435,272.794
618,PH201700001026,8.10917737978,123.403199664,R,10,903,8.105,123.405,324.765
619,PH201700001027,8.11124007794,123.543344652,R,10,922,8.115,123.545,295.386
620,PH201700001028,7.84077610919,123.451253201,U,2,909,7.845,123.455,490.521
621,PH201700001029,7.75775541433,123.14522613,U,2,882,7.755,123.145,169.398
622,PH201700001030,7.40418541875,123.37857789,R,10,900,7.405,123.375,400.952
623,PH201700001031,6.9624194231,121.972621058,U,2,463,6.965,121.975,305.061
624,PH201700001032,6.95599299404,122.070663308,U,2,487,6.955,122.075,485.769
625,PH201700001033,6.9936746212,122.18013961,U,2,505,6.995,122.185,546.121
626,PH201700001034,7.2338718782,122.246998545,U,2,507,7.235,122.245,232.088
627,PH201700001035,6.9346016394,122.074731351,U,2,486,6.935,122.075,38.022
628,PH201700001036,6.91752801798,122.052348192,U,2,480,6.915,122.055,330.459
629,PH201700001037,6.92843818612,122.086749112,U,2,489,6.925,122.085,281.191
630,PH201700001038,6.90588753934,122.09656089,U,2,490,6.905,122.095,181.311
631,PH201700001039,7.67939350602,122.437627164,R,10,775,7.675,122.435,392.427
632,PH201700001040,7.72141143113,122.51405232,R,10,788,7.725,122.515,238.973
633,PH201700001041,7.50020183133,122.368673755,R,10,514,7.505,122.365,498.451
634,PH201700001042,7.30835399963,122.833004043,R,10,829,7.305,122.835,300.247
635,PH201700001043,7.64294977929,122.939460265,R,10,837,7.645,122.935,511.214
636,PH201700001044,7.64020797542,122.975083954,R,10,854,7.645,122.975,290.166
637,PH201700001045,7.76749837185,122.568240828,U,2,797,7.765,122.565,390.158
638,PH201700001046,7.80376789436,122.644768,R,10,809,7.805,122.645,78.277
639,PH201700001047,7.69019131848,122.418519328,R,10,772,7.695,122.415,485.08
640,PH201700001048,7.65430788251,122.945384185,U,2,841,7.655,122.945,59.805
641,PH201700001049,7.78412394457,122.992546455,R,10,858,7.785,122.995,277.931
642,PH201700001050,7.53743396066,122.841904193,R,10,831,7.535,122.845,374.226
643,PH201700001051,8.15752179371,125.134715184,R,10,620,8.155,125.135,164.455
644,PH201700001052,8.10361242452,125.311709584,U,2,649,8.105,125.315,376.591
645,PH201700001053,8.11403065679,125.019558767,R,10,604,8.115,125.015,510.671
646,PH201700001054,7.78308907902,125.086928176,U,2,612,7.785,125.085,246.752
647,PH201700001055,7.57167877199,124.997927525,R,10,600,7.575,124.995,388.367
648,PH201700001056,7.53762582657,124.893506492,R,10,573,7.535,124.895,235.539
649,PH201700001057,8.35879997151,124.801789129,U,2,556,8.355,124.805,430.853
650,PH201700001058,8.28668071358,124.772317081,R,10,550,8.285,124.775,316.797
651,PH201700001059,8.28697489154,124.904513047,R,10,576,8.285,124.905,136.827
652,PH201700001060,7.89878701398,125.081218411,U,2,613,7.895,125.085,485.174
653,PH201700001061,7.62793977481,125.1280696,R,10,618,7.625,125.125,389.716
654,PH201700001062,7.61106595696,124.956050788,R,10,589,7.615,124.955,276.528
655,PH201700001063,8.24686625342,124.273486432,U,2,1054,8.245,124.275,204.897
656,PH201700001064,8.23921117685,124.24337635,U,2,1047,8.235,124.245,319.418
657,PH201700001065,8.25582072568,124.266735701,U,2,1052,8.255,124.265,199.724
658,PH201700001066,8.31315822967,124.400015606,R,10,1068,8.315,124.405,566.189
659,PH201700001067,8.19815678206,124.192082072,U,2,1037,8.195,124.195,379.722
660,PH201700001068,8.19238707821,124.18582452,U,2,1034,8.195,124.185,187.232
661,PH201700001069,8.21318222286,124.243420653,U,2,1046,8.215,124.245,209.232
662,PH201700001070,8.20355476126,124.253585733,U,2,1051,8.205,124.255,181.418
663,PH201700001071,8.19081587639,124.023907764,U,2,1005,8.195,124.025,287.267
664,PH201700001072,8.12931249855,124.238244369,R,10,1042,8.125,124.235,450.479
665,PH201700001073,8.12313785483,124.317020924,R,10,1060,8.125,124.315,253.227
666,PH201700001074,7.97880525374,123.749475352,R,10,954,7.975,123.745,550.359
667,PH201700001075,7.99529977804,123.852352958,R,10,973,7.995,123.855,294.923
668,PH201700001076,7.9564970855,123.696168823,R,10,945,7.955,123.695,159.438
669,PH201700001077,8.19065206459,124.084085475,R,10,1017,8.195,124.085,289.398
670,PH201700001078,8.1332802419,124.216430207,R,10,1038,8.135,124.215,191.973
671,PH201700001079,8.01830717383,123.973175782,R,10,992,8.015,123.975,288.749
672,PH201700001080,7.90413722563,123.837756652,U,2,969,7.905,123.835,311.146
673,PH201700001081,7.81618540946,123.704597606,R,10,947,7.815,123.705,85.744
674,PH201700001082,7.89673316187,123.837319776,R,10,968,7.895,123.835,279.378
675,PH201700001083,8.33527181493,123.841445662,R,10,971,8.335,123.845,395.583
676,PH201700001084,8.43728710467,123.768471936,R,10,957,8.435,123.765,411.125
677,PH201700001085,8.58008356138,123.590866977,R,10,929,8.585,123.595,550.178
678,PH201700001086,8.15406671278,123.817185542,U,2,963,8.155,123.815,249.79
679,PH201700001087,8.06232238405,123.719220742,R,10,948,8.065,123.715,497.575
680,PH201700001088,8.07489341341,123.622043753,R,10,933,8.075,123.625,328.785
681,PH201700001089,8.55430701104,123.617588673,R,10,931,8.555,123.615,290.991
682,PH201700001090,8.3608560763,123.813116876,R,10,964,8.365,123.815,331.059
683,PH201700001091,8.51968476484,123.729441408,R,10,950,8.515,123.725,572.326
684,PH201700001092,8.15859422308,123.827972937,R,10,966,8.155,123.825,398.47
685,PH201700001093,8.17422971991,123.835782668,R,10,970,8.175,123.835,99.239
686,PH201700001094,8.22754522211,123.73250766,R,10,952,8.225,123.735,318.6
687,PH201700001095,8.50597719356,124.760882985,U,2,547,8.505,124.765,461.965
688,PH201700001096,8.460382664,124.633388779,U,2,1099,8.465,124.635,342.409
689,PH201700001097,8.47439270885,124.709168927,U,2,1111,8.475,124.705,465.155
690,PH201700001098,8.48333843944,124.770293303,U,2,551,8.485,124.775,533.863
691,PH201700001099,8.501321258,124.654353163,U,2,1104,8.495,124.655,406.105
692,PH201700001100,8.49518814199,124.659498835,U,2,1104,8.495,124.655,500.389
693,PH201700001101,8.47524192786,124.604022496,U,2,1096,8.475,124.605,109.762
694,PH201700001102,8.50063163045,124.659869737,U,2,1104,8.495,124.655,648.091
695,PH201700001103,8.75863416821,124.816674355,R,10,557,8.755,124.815,296.468
696,PH201700001104,8.7804695132,124.792435964,R,10,553,8.785,124.795,404.871
697,PH201700001105,8.74868909407,125.064808276,R,10,609,8.745,125.065,236.629
698,PH201700001106,8.65051822158,124.760297366,R,10,548,8.655,124.765,595.126
699,PH201700001107,8.57143941822,124.782954447,R,10,552,8.575,124.785,320.548
700,PH201700001108,8.49884619314,124.533597426,R,10,1085,8.495,124.535,288.28
701,PH201700001109,8.93939291504,124.810137272,R,10,558,8.935,124.815,608.386
702,PH201700001110,8.80647394707,125.1418538,R,10,625,8.805,125.145,362.339
703,PH201700001111,8.77124884975,125.159584682,R,10,627,8.775,125.155,563.539
704,PH201700001112,8.5535255988,124.759074934,U,2,1121,8.555,124.755,462.651
705,PH201700001113,8.58359369427,124.455223091,R,10,1075,8.585,124.455,91.882
706,PH201700001114,8.61028034534,124.473509218,R,10,1075,8.585,124.455,2601.227
707,PH201700001115,9.23370219547,124.67046099,R,10,1108,9.235,124.675,511.348
708,PH201700001116,9.17598618355,124.750472374,R,10,1122,9.175,124.755,507.315
709,PH201700001117,9.11329050253,124.791420642,R,10,554,9.115,124.795,412.522
710,PH201700001118,9.24941399458,124.710449981,U,2,1112,9.245,124.715,578.009
711,PH201700001119,9.23581875445,124.672633656,R,10,1108,9.235,124.675,268.175
712,PH201700001120,9.10989828214,124.720574043,R,10,1115,9.115,124.735,1636.323
713,PH201700001121,9.23586727151,124.644140947,R,10,1100,9.235,124.645,110.136
714,PH201700001122,9.17984851367,124.666318568,R,10,1105,9.175,124.665,339.899
715,PH201700001123,9.1197042453,124.736080866,R,10,1115,9.115,124.735,321.37
716,PH201700001124,9.22347798023,124.681718841,R,10,1109,9.225,124.685,377.345
717,PH201700001125,9.12641817982,124.674804117,R,10,1107,9.125,124.675,92.322
718,PH201700001126,9.15672800344,124.692875789,R,10,1110,9.155,124.695,260.293
719,PH201700001127,7.57215578842,126.100997363,R,10,750,7.575,126.105,482.512
720,PH201700001128,7.84552643318,125.788917421,U,2,725,7.845,125.785,436.94
721,PH201700001129,7.94182907317,125.724358261,R,10,718,7.945,125.725,217.891
722,PH201700001130,7.10559876184,125.910577419,U,2,736,7.105,125.915,493.317
723,PH201700001131,7.20738090973,125.918569333,U,2,737,7.205,125.915,426.195
724,PH201700001132,7.10637445947,125.925879541,R,10,739,7.105,125.925,132.688
725,PH201700001133,7.50898601534,126.0951868,U,2,749,7.505,126.095,261.941
726,PH201700001134,7.71657565032,126.050230221,R,10,748,7.715,126.055,540.306
727,PH201700001135,7.7949551843,125.859110929,R,10,733,7.795,125.855,457.124
728,PH201700001136,7.54282960587,126.046584996,R,10,747,7.545,126.045,226.338
729,PH201700001137,7.32014799126,126.129870186,R,10,753,7.325,126.125,628.051
730,PH201700001138,7.32996971333,125.93881426,R,10,740,7.325,125.935,533.917
731,PH201700001139,7.4757133016,125.80381026,U,2,730,7.475,125.805,140.195
732,PH201700001140,7.59417822869,125.647476968,U,2,706,7.595,125.645,280.527
733,PH201700001141,7.67242780234,125.736241121,R,10,720,7.675,125.735,216.68
734,PH201700001142,7.44907728474,125.768404873,U,2,722,7.445,125.765,462.127
735,PH201700001143,7.43080438776,125.805818245,U,2,729,7.435,125.805,287.702
736,PH201700001144,6.91637509124,125.711418794,R,10,714,6.915,125.715,408.092
737,PH201700001145,7.45780931992,125.79542358,U,2,726,7.455,125.795,188.682
738,PH201700001146,7.47172803475,125.712983192,R,10,716,7.475,125.715,308.864
739,PH201700001147,7.46665865826,125.679200646,R,10,711,7.465,125.675,479.316
740,PH201700001148,7.43403025859,125.811815666,U,2,732,7.435,125.815,359.66
741,PH201700001149,7.35242312031,125.710161988,U,2,715,7.355,125.715,563.363
742,PH201700001150,7.35166437846,125.691032526,R,10,713,7.355,125.695,491.38
743,PH201700001151,7.10024879923,125.618755134,U,2,703,7.105,125.615,518.661
744,PH201700001152,7.12366958466,125.650754795,U,2,707,7.125,125.655,479.856
745,PH201700001153,7.19799327018,125.433142847,U,2,659,7.195,125.435,282.632
746,PH201700001154,7.28308418358,125.302529954,U,2,646,7.285,125.305,300.986
747,PH201700001155,7.05547434933,125.585200304,U,2,691,7.055,125.585,37.923
748,PH201700001156,7.06783937263,125.604394438,U,2,699,7.065,125.605,195.756
749,PH201700001157,7.06397912249,125.614511032,U,2,699,7.065,125.605,1059.642
750,PH201700001158,6.95848677171,125.415987963,R,10,656,6.955,125.415,250.098
751,PH201700001159,6.75983583064,125.370630693,U,2,654,6.755,125.375,577.011
752,PH201700001160,6.79461819605,125.248690357,R,10,636,6.795,125.245,411.08
753,PH201700001161,6.80504943532,125.256070075,R,10,640,6.805,125.255,119.029
754,PH201700001162,6.68506661779,125.301597734,R,10,645,6.685,125.305,378.339
755,PH201700001163,6.72563983107,125.253514896,R,10,639,6.725,125.255,170.166
756,PH201700001164,6.62267244112,125.217639554,R,10,630,6.625,125.215,329.272
757,PH201700001165,6.75895698625,125.371508885,U,2,654,6.755,125.375,464.3
758,PH201700001166,6.90903790631,125.442098118,U,2,662,6.905,125.445,414.623
759,PH201700001167,6.82523583371,125.31430221,R,10,648,6.825,125.315,79.058
760,PH201700001168,6.63140447576,125.218466657,R,10,631,6.635,125.215,449.162
761,PH201700001169,6.6683118718,125.245753971,R,10,635,6.665,125.245,228.456
762,PH201700001170,6.59453533371,125.22461143,R,10,633,6.595,125.225,52.488
763,PH201700001171,6.40790049487,125.606550037,U,2,698,6.405,125.605,254.883
764,PH201700001172,6.44019389134,125.559096889,U,2,682,6.445,125.555,551.458
765,PH201700001173,6.34891037347,125.538938371,R,10,675,6.345,125.535,505.619
766,PH201700001174,6.30103303076,125.580364785,R,10,690,6.305,125.585,575.786
767,PH201700001175,6.09300371993,125.67446761,R,10,709,6.095,125.675,142.347
768,PH201700001176,5.77020013614,125.510183027,R,10,671,5.775,125.515,618.878
769,PH201700001177,6.39804193821,125.615020631,U,2,702,6.395,125.615,196.987
770,PH201700001178,6.28756474825,125.613847568,R,10,701,6.285,125.615,209.764
771,PH201700001179,6.39352523809,125.487513525,R,10,665,6.395,125.485,295.258
772,PH201700001180,5.43406445915,125.391650713,R,10,647,5.665,125.315,17129.239
773,PH201700001181,6.10327105693,125.670220091,R,10,710,6.105,125.675,543.197
774,PH201700001182,5.97938157051,125.644607312,R,10,705,5.975,125.645,287.263
775,PH201700001183,6.9613710488,126.032502807,R,10,745,6.965,126.035,365.309
776,PH201700001184,7.31216552801,126.45947464,R,10,768,7.315,126.455,531.638
777,PH201700001185,7.22538090245,126.544872034,U,2,770,7.225,126.545,28.957
778,PH201700001186,6.96184624957,126.202031366,U,2,756,6.965,126.205,389.702
779,PH201700001187,6.947346996,126.228201039,U,2,758,6.945,126.225,387.917
780,PH201700001188,6.54050257029,126.08983137,R,10,758,6.945,126.225,30497.998
781,PH201700001189,7.78348124022,126.427539358,U,2,766,7.785,126.425,299.641
782,PH201700001190,7.56878415692,126.571689565,R,10,771,7.565,126.575,445.378
783,PH201700001191,7.23590128913,126.491680737,R,10,769,7.235,126.495,373.867
784,PH201700001192,6.96243416122,126.208158675,U,2,756,6.965,126.205,389.569
785,PH201700001193,7.01731481067,126.442780557,R,10,767,7.015,126.445,290.318
786,PH201700001194,7.01793015345,126.283547147,R,10,761,7.015,126.285,251.548
787,PH201700000043,7.18897554183,124.227699987,U,2,1039,7.185,124.225,389.818
788,PH201700000044,7.22701300385,124.250888108,U,2,1050,7.225,124.255,474.261
789,PH201700000045,7.22816313169,124.245631921,U,2,1045,7.225,124.245,210.031
790,PH201700000046,7.20455666465,124.249459945,U,2,1044,7.205,124.245,496.699
791,PH201700000047,7.18814293815,124.227445605,R,10,1039,7.185,124.225,335.544
792,PH201700001195,7.16286461261,124.853318952,R,10,566,7.165,124.855,230.985
793,PH201700001196,7.05740226012,124.858615747,R,10,565,7.055,124.855,430.062
795,PH201700001198,7.0243695454,125.082593944,R,10,611,7.025,125.085,270.558
796,PH201700001199,6.77539783234,124.90154659,R,10,575,6.775,124.905,384.835
797,PH201700001200,7.22487490615,125.056146135,R,10,608,7.225,125.055,127.695
798,PH201700001201,7.23043325724,124.572932514,R,10,1090,7.235,124.575,368.629
799,PH201700001202,7.30817707618,124.494043264,R,10,1079,7.305,124.495,226.595
800,PH201700001203,7.30115632643,124.748855373,R,10,1116,7.305,124.745,493.073
801,PH201700001204,6.89528218726,124.922118354,R,10,580,6.895,124.925,320.928
802,PH201700001205,7.02589554851,125.150037906,R,10,626,7.025,125.155,554.73
803,PH201700001206,6.98779325495,124.966464742,R,10,592,6.985,124.965,241.269
804,PH201700001207,5.87131345315,125.290995154,R,10,643,5.875,125.295,504.381
805,PH201700001208,6.09498332579,125.281610689,R,10,641,6.095,125.285,376.876
807,PH201700001210,6.06923690941,124.485563506,R,10,1077,6.065,124.485,274.008
808,PH201700001211,5.917050354,124.808410409,R,10,555,5.915,124.805,400.929
809,PH201700001212,5.6675028617,125.316682397,R,10,647,5.665,125.315,246.739
811,PH201700001214,6.2955553228,125.288888892,R,10,642,6.295,125.285,433.894
813,PH201700001216,6.05446367937,124.605587313,R,10,1095,6.055,124.605,73.566
814,PH201700001217,5.79932222378,125.204895876,R,10,629,5.795,125.205,277.314
815,PH201700001218,6.09461288954,124.527469724,R,10,1082,6.095,124.525,275.702
816,PH201700001219,6.13877574036,125.118977991,R,10,616,6.135,125.115,503.971
817,PH201700001220,6.11777754696,125.222924896,U,2,632,6.115,125.225,291.503
818,PH201700001221,6.10969088283,125.161546639,U,2,628,6.105,125.165,487.535
819,PH201700001222,6.10522789945,125.162720298,U,2,628,6.105,125.165,253.911
820,PH201700001223,6.05146817722,125.130562938,U,2,619,6.055,125.135,542.677
821,PH201700001224,6.09089160582,125.143097048,U,2,624,6.095,125.145,337.53
822,PH201700001225,6.07791802586,125.143119726,U,2,623,6.075,125.145,280.354
823,PH201700001226,6.06230362517,125.149641658,U,2,622,6.065,125.145,544.225
824,PH201700001227,6.48704666024,124.932600656,R,10,583,6.485,124.935,296.921
825,PH201700001228,6.56276198198,124.754891625,R,10,1119,6.565,124.755,142.376
826,PH201700001229,6.52421613052,124.653272536,U,2,1103,6.525,124.655,198.376
827,PH201700001230,6.33384249657,124.92942252,U,2,579,6.335,124.925,497.252
828,PH201700001231,6.4553216784,124.943714881,R,10,584,6.455,124.945,144.36
829,PH201700001232,6.24372786763,124.895898466,R,10,571,6.245,124.895,128.567
830,PH201700001233,6.49922078033,124.837480257,U,2,560,6.495,124.835,384.626
831,PH201700001234,6.52726447418,124.919285764,R,10,578,6.525,124.915,497.873
832,PH201700001235,6.2874293614,124.848013018,R,10,562,6.285,124.845,368.877
833,PH201700001236,6.5705509675,124.756196914,R,10,1120,6.575,124.755,311.849
834,PH201700001237,6.28146790581,124.91669695,R,10,577,6.285,124.915,293.496
835,PH201700001238,6.37305359373,124.988264452,R,10,597,6.375,124.985,383.618
836,PH201700001239,6.66213367462,124.639104054,U,2,1098,6.665,124.635,490.991
837,PH201700001240,6.66610886964,124.671313729,U,2,1106,6.665,124.675,415.853
838,PH201700001241,6.61182982089,124.598573811,U,2,1092,6.615,124.595,444.949
839,PH201700001242,6.21501980617,124.258213507,R,10,1049,6.215,124.255,357.328
840,PH201700001243,6.58718872516,124.05998672,R,10,1013,6.585,124.055,571.003
841,PH201700001244,6.43792951786,124.271956073,R,10,1053,6.435,124.275,384.984
842,PH201700001245,6.72066129156,124.550255347,R,10,1087,6.725,124.555,594.316
843,PH201700001246,6.73043555167,124.552307617,R,10,1088,6.735,124.555,415.326
844,PH201700001247,6.76654509683,124.946739909,R,10,585,6.765,124.945,217.06
845,PH201700001248,6.64320585354,124.596387719,R,10,1093,6.645,124.595,191.419
846,PH201700001249,6.44471856341,124.619649864,U,2,1097,6.445,124.615,517.347
847,PH201700001250,6.63173744496,124.173571066,R,10,1032,6.635,124.175,258.402
848,PH201700000221,14.7587694986,121.046525399,U,2,251,14.755,121.045,274.767
849,PH201700000222,14.7452363757,121.013969478,U,2,219,14.745,121.015,115.386
850,PH201700000223,14.7806846564,121.048660348,U,2,252,14.785,121.045,476.343
851,PH201700000224,14.7443545715,121.03059445,U,2,244,14.745,121.035,491.27
852,PH201700000225,14.6854751526,121.0065394,U,2,211,14.685,121.005,173.324
853,PH201700000226,14.6352792366,120.967188715,U,2,175,14.635,120.965,243.898
854,PH201700000227,14.6534574498,120.98230815,U,2,186,14.655,120.985,312.073
855,PH201700000228,14.6740929983,120.961510784,U,2,176,14.675,120.965,391.437
856,PH201700000229,14.6754059216,120.935990623,U,2,163,14.675,120.935,112.57
857,PH201700000230,14.6861383797,120.959913514,U,2,172,14.685,120.955,550.224
858,PH201700000231,14.6692463044,120.951499076,U,2,171,14.665,120.955,458.825
859,PH201700000232,14.6614634639,120.953864936,U,2,171,14.665,120.955,238.416
860,PH201700000233,14.6826694238,120.973334086,U,2,178,14.685,120.975,228.259
861,PH201700000234,14.6641625682,120.99067186,U,2,200,14.665,120.995,483.65
862,PH201700000235,14.6741250735,120.968845351,U,2,176,14.675,120.965,430.504
863,PH201700000236,14.4534826537,120.993330857,U,2,192,14.455,120.995,204.93
864,PH201700000237,14.4632871065,120.986407049,U,2,182,14.465,120.985,184.645
865,PH201700000238,14.4597653277,120.994574161,U,2,192,14.455,120.995,276.945
866,PH201700000239,14.4663923145,120.989687013,U,2,182,14.465,120.985,527.232
867,PH201700000240,14.428343657,121.02227353,U,2,222,14.425,121.025,358.651
868,PH201700000241,14.4253568209,121.031012779,U,2,237,14.425,121.035,443.83
870,PH201700000243,14.4323341219,121.013594415,U,2,213,14.435,121.015,218.532
871,PH201700000244,14.550459904,121.036636588,U,2,241,14.555,121.035,317.589
872,PH201700000245,14.4979479069,121.022345658,U,2,223,14.495,121.025,340.08
873,PH201700000246,14.5442558844,121.02305272,U,2,225,14.545,121.025,220.687
874,PH201700000247,14.5709914064,120.997389213,U,2,197,14.575,120.995,351.099
875,PH201700000248,14.5701143618,121.057524565,U,2,262,14.575,121.055,396.669
876,PH201700000249,14.558366185,121.073434017,U,2,274,14.555,121.075,260.088
877,PH201700000250,14.5577622016,121.03962372,U,2,241,14.555,121.035,537.971
878,PH201700000251,14.5373859183,121.069350472,U,2,267,14.535,121.065,502.75
879,PH201700000252,14.5730866975,121.039651643,U,2,242,14.575,121.035,528.743
880,PH201700000253,14.564731905,121.067755767,U,2,270,14.565,121.065,306.813
881,PH201700000254,14.5808849938,121.042933836,U,2,248,14.585,121.045,329.338
882,PH201700000255,14.5858670139,121.04020786,U,2,248,14.585,121.045,535.176
883,PH201700000256,14.5855915913,121.043355076,U,2,248,14.585,121.045,186.027
884,PH201700000257,14.5846000942,121.028627551,U,2,226,14.585,121.025,404.016
885,PH201700000258,14.5894014572,121.021242116,U,2,226,14.585,121.025,488.088
886,PH201700000259,14.5752596718,121.039169113,U,2,242,14.575,121.035,463.823
887,PH201700000260,14.630591221,120.967628616,U,2,175,14.635,120.965,386.081
888,PH201700000261,14.6084539291,120.964564449,U,2,174,14.605,120.965,203.451
889,PH201700000262,14.6151356947,120.985894685,U,2,185,14.615,120.985,99.787
890,PH201700000263,14.6024363555,120.997402839,U,2,199,14.605,120.995,304.857
891,PH201700000264,14.5960566297,120.994946717,U,2,198,14.595,120.995,60.793
892,PH201700000265,14.5905448289,121.019678455,U,2,216,14.595,121.015,579.478
893,PH201700000266,14.5934399558,121.013554243,U,2,216,14.595,121.015,183.937
894,PH201700000267,14.5894817722,121.00609208,U,2,210,14.585,121.005,283.983
895,PH201700000268,14.6638266531,121.102851615,U,2,295,14.665,121.105,248.216
896,PH201700000269,14.6393037409,121.116507702,U,2,299,14.635,121.115,298.771
897,PH201700000270,14.6608995093,121.117037027,U,2,300,14.665,121.115,326.84
898,PH201700000271,14.6755159461,121.108315667,U,2,296,14.675,121.105,369.875
899,PH201700000272,14.6464669374,121.091988012,U,2,288,14.645,121.095,345.349
900,PH201700000273,14.6365206246,121.084873656,U,2,281,14.635,121.085,88.424
901,PH201700000274,14.6416144247,121.095722287,U,2,288,14.645,121.095,210.363
902,PH201700000275,14.652611302,121.096401666,U,2,289,14.655,121.095,207.63
903,PH201700000276,14.427988807,121.046737964,U,2,245,14.425,121.045,258.308
904,PH201700000277,14.4352226792,121.033592578,U,2,238,14.435,121.035,157.018
905,PH201700000278,14.4283938219,121.034381721,U,2,237,14.425,121.035,206.348
906,PH201700000279,14.4123364189,121.056377632,U,2,257,14.415,121.055,216.357
907,PH201700000280,14.3944672109,121.036124685,U,2,235,14.395,121.035,128.735
908,PH201700000281,14.4085649305,121.031004766,U,2,236,14.405,121.035,488.999
909,PH201700000282,14.4009910683,121.054590632,U,2,256,14.405,121.055,234.417
910,PH201700000283,14.3849949554,121.030304384,U,2,234,14.385,121.035,522.129
911,PH201700000284,14.677853678,120.939181311,U,2,163,14.675,120.935,492.728
912,PH201700000285,14.6689185281,120.93749422,U,2,163,14.675,120.935,444.716
913,PH201700000286,14.6641913582,120.950366007,U,2,171,14.665,120.955,517.348
914,PH201700000287,14.6799346903,120.929347035,U,2,163,14.675,120.935,688.961
915,PH201700000288,14.6593887207,120.948948652,U,2,167,14.655,120.945,505.727
916,PH201700000289,14.6449577632,120.955848413,U,2,169,14.645,120.955,94.37
917,PH201700000290,14.6377131379,120.959541276,U,2,175,14.635,120.965,626.512
918,PH201700000291,14.6516221087,120.9595215,U,2,170,14.655,120.955,538.615
919,PH201700000292,14.498833619,121.009365003,U,2,206,14.495,121.005,532.731
920,PH201700000293,14.4808710242,121.018223115,U,2,214,14.485,121.015,429.437
921,PH201700000294,14.5190257505,120.999742058,U,2,194,14.515,120.995,575.486
922,PH201700000295,14.4952400773,120.995582405,U,2,193,14.495,120.995,66.204
923,PH201700000296,14.4901072099,121.019065188,U,2,215,14.495,121.015,531.906
924,PH201700000297,14.472680064,121.031268897,U,2,239,14.475,121.035,435.674
925,PH201700000298,14.4738080942,121.035705544,U,2,239,14.475,121.035,104.038
926,PH201700000299,14.4603909022,121.040188196,U,2,246,14.465,121.045,596.762
927,PH201700000300,14.5491249126,121.006147406,U,2,209,14.545,121.005,268.518
928,PH201700000301,14.5565255896,120.988106581,U,2,183,14.555,120.985,356.305
929,PH201700000302,14.5627226754,120.985399448,U,2,184,14.565,120.985,137.724
930,PH201700000303,14.54672635,120.998259222,U,2,196,14.545,120.995,375.65
931,PH201700000304,14.528968462,120.998650792,U,2,195,14.525,120.995,465.229
932,PH201700000305,14.5102637806,121.030858137,U,2,240,14.515,121.035,534.624
933,PH201700000306,14.5214290889,121.008556397,U,2,207,14.525,121.005,445.221
934,PH201700000307,14.535012777,121.005020187,U,2,208,14.535,121.005,2.361
935,PH201700000308,14.5723638479,121.115964427,U,2,298,14.575,121.115,185.596
936,PH201700000309,14.6328749235,121.101125576,U,2,294,14.635,121.105,447.776
937,PH201700000310,14.5815101611,121.098067379,U,2,287,14.585,121.095,395.604
938,PH201700000311,14.6058115432,121.085539121,U,2,280,14.605,121.085,75.924
939,PH201700000312,14.5706811774,121.084919541,U,2,279,14.575,121.085,248.109
940,PH201700000313,14.5635866788,121.086473296,U,2,278,14.565,121.085,182.817
941,PH201700000314,14.5600750046,121.083987179,U,2,278,14.565,121.085,304.348
942,PH201700000315,14.5407672395,121.106496137,U,2,293,14.545,121.105,294.618
943,PH201700000316,14.552518348,121.06142912,U,2,269,14.555,121.065,421.821
944,PH201700000317,14.5456237415,121.063759002,U,2,268,14.545,121.065,142.558
945,PH201700000318,14.5406834544,121.073048047,U,2,273,14.545,121.075,329.369
946,PH201700000319,14.7233234502,121.05924688,U,2,263,14.725,121.055,481.925
947,PH201700000320,14.695118336,121.047333672,U,2,250,14.695,121.045,259.581
948,PH201700000321,14.6973927869,121.091761942,U,2,290,14.695,121.095,385.383
949,PH201700000322,14.6752525679,121.024664327,U,2,229,14.675,121.025,40.034
950,PH201700000323,14.6824653069,121.075737157,U,2,275,14.685,121.075,166.981
951,PH201700000324,14.6542291358,121.011727972,U,2,218,14.655,121.015,366.504
952,PH201700000325,14.6261557645,121.026461913,U,2,228,14.625,121.025,175.535
953,PH201700000326,14.6127811656,121.014948866,U,2,217,14.615,121.015,127.254
954,PH201700000327,14.6030258524,121.048109834,U,2,249,14.605,121.045,363.858
955,PH201700000328,14.5989825254,121.0393334,U,2,243,14.595,121.035,533.21
956,PH201700000329,14.6056219155,121.028854197,U,2,227,14.605,121.025,430.047
957,PH201700000330,14.5428580661,121.066286552,U,2,268,14.545,121.065,188.601
958,PH201700000331,14.5228112342,121.050623448,U,2,261,14.525,121.055,502.583
959,PH201700000332,14.5146052494,121.054579494,U,2,260,14.515,121.055,51.952
960,PH201700000333,14.5252532218,121.023447856,U,2,224,14.525,121.025,173.2
961,PH201700000334,14.507341073,121.056117615,U,2,259,14.505,121.055,182.968
962,PH201700000335,14.521139467,121.051400933,U,2,261,14.525,121.055,457.374
963,PH201700000336,14.4900892411,121.040093909,U,2,247,14.495,121.045,613.918
964,PH201700000337,14.4816857544,121.056188986,U,2,258,14.485,121.055,231.564
965,PH201700000338,14.6872505691,120.992859569,U,2,201,14.685,120.995,270.653
966,PH201700000339,14.7360496599,120.985462237,U,2,188,14.735,120.985,79.072
967,PH201700000340,14.7177071382,120.975938989,U,2,179,14.715,120.975,186.826
968,PH201700000341,14.7286038578,120.984546253,U,2,187,14.725,120.985,212.38
969,PH201700000342,14.6835313437,121.000797304,U,2,211,14.685,121.005,474.829
970,PH201700000343,14.7151664588,120.953499029,U,2,173,14.715,120.955,167.172
971,PH201700000344,14.6675968829,120.993167744,U,2,200,14.665,120.995,252.23
972,PH201700000345,14.6837748496,120.968670211,U,2,177,14.685,120.965,414.085
973,PH201700000220,14.7514602862,121.07888344,U,2,276,14.755,121.075,477.227
974,PH201700000072,17.5705439493,120.913019949,R,10,157,17.575,120.915,336.564
975,PH201700000073,17.4660038259,120.71568088,R,10,117,17.465,120.715,94.776
976,PH201700000074,17.5546617848,120.670525017,R,10,107,17.555,120.675,497.965
977,PH201700000075,17.3173456434,120.695133558,R,10,113,17.315,120.695,133.968
978,PH201700000076,17.5915082287,120.603187846,R,10,86,17.595,120.605,282.269
979,PH201700000077,17.4226369431,120.800837923,R,10,133,17.425,120.805,481.966
980,PH201700000078,17.5887104057,120.713105013,R,10,118,17.585,120.715,298.002
981,PH201700000079,17.5752243479,120.726880183,R,10,122,17.575,120.725,209.455
982,PH201700000080,17.5836987345,120.640387999,R,10,96,17.585,120.645,518.107
983,PH201700000081,17.3936144137,120.599319529,R,10,81,17.395,120.595,486.67
984,PH201700000082,17.5319936566,120.494789603,R,10,45,17.535,120.495,171.245
985,PH201700000083,17.6522940955,120.520478535,R,10,54,17.655,120.525,525.474
986,PH201700000084,18.1836305139,121.367418178,R,10,359,18.185,121.365,280.328
987,PH201700000085,17.7867393801,121.299687377,R,10,347,17.785,121.295,530.808
988,PH201700000086,17.6594353645,121.377500542,R,10,360,17.655,121.375,378.481
989,PH201700000087,18.2321021225,121.44665116,R,10,372,18.235,121.445,248.934
990,PH201700000088,17.7502075884,121.345037567,R,10,357,17.755,121.345,277.237
991,PH201700000089,17.7838764435,121.336236014,R,10,356,17.785,121.335,152.022
992,PH201700000090,18.3068611668,121.377532029,R,10,361,18.305,121.375,301.463
994,PH201700000092,17.9788475581,121.205337221,R,10,331,17.975,121.205,224.809
995,PH201700000093,18.2079988628,121.299111211,R,10,348,18.205,121.295,488.865
996,PH201700000094,18.2214233997,121.42985939,R,10,367,18.225,121.425,578.764
997,PH201700000095,17.9349908963,121.189000834,R,10,329,17.935,121.185,444.873
998,PH201700000096,16.3971462582,120.632227809,R,10,95,16.395,120.635,331.373
999,PH201700000097,16.4111424092,120.552168297,U,2,61,16.415,120.555,383.001
1000,PH201700000098,16.4140420057,120.608834087,R,10,85,16.415,120.605,429.767
1001,PH201700000099,16.3991892484,120.586540995,R,10,74,16.395,120.585,292.475
1002,PH201700000100,16.3946003435,120.588083493,U,2,74,16.395,120.585,343.614
1003,PH201700000101,16.4061134554,120.592350985,R,10,80,16.405,120.595,301.222
1004,PH201700000102,16.4125797389,120.62002612,U,2,91,16.415,120.625,569.806
1005,PH201700000103,16.4243053569,120.624445674,U,2,92,16.425,120.625,73.127
1006,PH201700000104,16.4657856191,120.68098217,R,10,110,16.465,120.685,448.981
1007,PH201700000105,16.4420094096,120.57855747,U,2,70,16.445,120.575,430.224
1008,PH201700000106,16.6543168229,120.837894588,R,10,137,16.655,120.835,324.21
1009,PH201700000107,16.4287323514,120.552052494,R,10,62,16.425,120.555,389.779
1010,PH201700000108,16.44572263,120.587350316,U,2,75,16.445,120.585,264.522
1011,PH201700000109,16.4474682951,120.578956044,U,2,70,16.445,120.575,461.517
1012,PH201700000110,16.4567623075,120.682836949,R,10,109,16.455,120.685,260.48
1013,PH201700000111,16.8652582813,120.782979404,U,2,129,16.865,120.785,225.16
1014,PH201700000112,16.8249380145,120.723371642,R,10,121,16.825,120.725,181.099
1015,PH201700000113,16.3528946151,120.614344944,U,2,89,16.355,120.615,139.712
1016,PH201700000114,16.4274516443,120.665048705,R,10,105,16.425,120.665,139.142
1017,PH201700000115,16.4448331731,120.5883882,U,2,75,16.445,120.585,376.869
1018,PH201700000116,16.922353158,121.559473132,R,10,397,16.925,121.555,520.693
1019,PH201700000117,16.9593694922,121.159225875,R,10,317,16.955,121.155,532.911
1020,PH201700000118,16.9851846683,121.133367499,R,10,311,16.985,121.135,181.836
1021,PH201700000119,16.7840755562,121.081862025,R,10,284,16.785,121.085,352.94
1022,PH201700000120,16.8251023544,121.083651795,R,10,285,16.825,121.085,150.029
1024,PH201700000122,16.9383521514,121.463062909,R,10,376,16.935,121.465,290.254
1025,PH201700000123,16.9142325518,121.111420175,R,10,301,16.915,121.115,400.493
1026,PH201700000124,16.9606276636,121.163465291,R,10,325,16.965,121.165,304.01
1027,PH201700000125,16.8048417854,121.136522619,U,2,310,16.805,121.135,169.552
1028,PH201700000126,16.7221749555,121.094362369,R,10,291,16.725,121.095,177.05
1029,PH201700000127,16.7822838685,121.148788377,R,10,315,16.785,121.145,449.281
1030,PH201700000128,17.4513433542,121.457923854,R,10,373,17.455,121.455,388.232
1031,PH201700000129,17.5278512184,121.589726002,R,10,401,17.525,121.585,551.122
1032,PH201700000130,17.4970815387,121.232869827,R,10,337,17.495,121.235,265.535
1033,PH201700000131,17.3057170225,121.151862821,R,10,319,17.305,121.155,351.268
1034,PH201700000132,17.2825707261,121.166125534,R,10,326,17.285,121.165,187.631
1035,PH201700000133,17.3274000447,121.027669243,R,10,232,17.325,121.025,327.132
1036,PH201700000134,17.4041780927,121.434356502,U,2,368,17.405,121.435,85.975
1037,PH201700000135,17.4961474423,121.256858644,R,10,343,17.495,121.255,217.016
1038,PH201700000136,17.6256063185,121.462585263,R,10,377,17.625,121.465,270.803
1039,PH201700000137,17.4931275849,121.433153491,R,10,369,17.495,121.435,232.265
1040,PH201700000138,17.4073560472,121.442573877,R,10,371,17.405,121.445,302.415
1041,PH201700000139,17.4655218103,121.472710674,R,10,379,17.465,121.475,256.358
1042,PH201700000140,17.0251827344,121.097492096,R,10,292,17.025,121.095,277.307
1043,PH201700000141,17.0404977994,121.016757707,R,10,221,17.045,121.015,323.639
1044,PH201700000142,17.201122709,121.398117042,R,10,362,17.205,121.395,413.011
1045,PH201700000143,17.0000104888,120.878034436,R,10,147,17.005,120.875,441.491
1046,PH201700000144,16.8507667923,120.864523833,R,10,144,16.855,120.865,247.218
1047,PH201700000145,17.1140651564,120.902539654,R,10,155,17.115,120.905,278.739
1048,PH201700000146,17.0925817234,121.15558572,R,10,318,17.095,121.155,153.609
1049,PH201700000147,17.1996454308,121.411118695,R,10,364,17.195,121.415,508.671
1050,PH201700000148,17.0748949139,121.266550565,R,10,345,17.075,121.265,172.522
1051,PH201700000149,17.0496477772,120.876668942,R,10,148,17.045,120.875,323.695
1052,PH201700000150,16.9364157071,120.866025667,R,10,145,16.935,120.865,139.747
1053,PH201700000151,16.891599983,120.84327126,R,10,138,16.895,120.845,272.99
1054,PH201700000001,6.67465211928,122.109806712,R,10,492,6.675,122.105,534.877
1055,PH201700000002,6.66225588531,122.132026838,R,10,497,6.665,122.135,368.29
1056,PH201700000003,6.6218221874,122.179496214,R,10,504,6.625,122.175,534.197
1057,PH201700000004,6.48529846854,122.137965022,R,10,495,6.485,122.135,330.168
1059,PH201700000006,6.62945741279,121.916094116,R,10,439,6.625,121.915,288.896
1060,PH201700000007,6.5929942252,122.16100474,R,10,501,6.595,122.165,459.844
1061,PH201700000008,6.64146915429,121.858043527,R,10,433,6.645,121.855,396.826
1062,PH201700000009,6.65169259565,122.13430097,R,10,496,6.655,122.135,210.496
1063,PH201700000010,6.4965292716,122.055783291,R,10,479,6.495,122.055,125.424
1064,PH201700000011,6.54097109462,121.876048761,R,10,435,6.545,121.875,263.756
1065,PH201700000012,6.33251906863,122.023990108,R,10,474,6.335,122.025,184.418
1066,PH201700000019,7.51709919032,124.130672486,R,10,1023,7.515,124.135,498.704
1068,PH201700000021,7.57899681244,124.196901698,R,10,1035,7.575,124.195,327.268
1069,PH201700000022,7.9323492091,124.191636646,R,10,1036,7.935,124.195,409.031
1070,PH201700000023,7.63365749256,124.038882741,R,10,1009,7.635,124.035,439.752
1071,PH201700000024,7.77236279801,124.049137901,R,10,1011,7.775,124.045,488.528
1072,PH201700000025,7.55896955951,124.118306151,R,10,1019,7.555,124.115,443.216
1073,PH201700000026,7.61333201965,124.74551542,R,10,1117,7.615,124.745,120.243
1074,PH201700000027,7.65329811695,124.069722592,R,10,1015,7.655,124.065,535.721
1075,PH201700000028,7.8227289119,124.080523233,R,10,1016,7.825,124.085,517.519
1076,PH201700000029,7.91040775638,124.182414924,R,10,1033,7.915,124.185,406.124
1077,PH201700000030,7.98923545463,124.16300209,R,10,1031,7.985,124.165,345.399
1078,PH201700000031,7.28306882851,124.334376637,R,10,1061,7.285,124.335,139.549
1079,PH201700000032,7.28049165196,124.346058871,R,10,1063,7.285,124.345,306.357
1080,PH201700000033,7.00867321637,123.998412048,R,10,1000,7.005,123.995,442.835
1081,PH201700000034,6.74173869128,124.883581863,R,10,569,6.745,124.885,260.541
1082,PH201700000035,6.84801688229,124.72232026,R,10,1114,6.845,124.725,353.98
1083,PH201700000036,6.94800893892,124.534735956,R,10,1084,6.945,124.535,191.934
1084,PH201700000037,7.1359157235,124.14314933,R,10,1028,7.135,124.145,213.574
1085,PH201700000038,6.97083654662,124.133508683,R,10,1022,6.975,124.135,308.195
1086,PH201700000039,6.94774670892,124.122971144,R,10,1020,6.945,124.125,283.286
1087,PH201700000040,7.09453062859,124.415687388,R,10,1070,7.095,124.415,81.929
1088,PH201700000041,6.84057779026,124.530771892,R,10,1083,6.845,124.535,546.568
1089,PH201700000042,6.74429150901,124.89543306,R,10,572,6.745,124.895,65.954
1090,PH201700000048,6.02343434792,120.982710312,R,10,190,6.025,120.985,269.915
1091,PH201700000049,5.96861096908,121.318310951,U,2,350,5.965,121.315,423.199
1092,PH201700000050,5.9530150641,121.302258225,R,10,349,5.955,121.305,325.726
1093,PH201700000051,6.04174595922,120.980051072,U,2,191,6.045,120.985,580.964
1094,PH201700000052,5.68078551049,120.848644074,R,10,139,5.685,120.845,471.091
1096,PH201700000054,6.05532079613,120.989665933,R,10,191,6.045,120.985,786.312
1097,PH201700000055,5.99487871439,121.161716168,R,10,327,5.995,121.165,365.212
1098,PH201700000056,6.01741009602,121.118473443,R,10,303,6.015,121.115,410.309
1099,PH201700000057,5.53976574555,120.79225797,R,10,131,5.535,120.795,408.123
1100,PH201700000058,6.19682975767,120.992562596,R,10,191,6.045,120.985,8732.979
1101,PH201700000059,5.96164850245,120.894987864,R,10,151,5.965,120.895,191.358
1102,PH201700000060,5.03231268307,119.76931684,U,2,532,5.025,119.765,627.204
1103,PH201700000061,5.09803202921,119.838376756,R,10,535,5.095,119.835,411.243
1104,PH201700000062,5.21514816487,120.286981914,R,10,14,5.215,120.285,220.535
1105,PH201700000063,4.90037255209,119.814695831,R,10,534,4.905,119.815,258.059
1106,PH201700000064,5.02309985176,119.76657878,R,10,532,5.025,119.765,204.503
1107,PH201700000065,4.84697270661,119.48058091,R,10,531,4.845,119.485,503.1
1108,PH201700000066,5.19148485481,120.336449363,R,10,14,5.215,120.285,5871.137
1109,PH201700000067,5.09149015713,119.91066251,R,10,537,5.095,119.915,520.095
1110,PH201700000068,5.20102201017,120.230392252,R,10,14,5.215,120.285,6122.404
1111,PH201700000069,4.91080291794,119.805887172,R,10,533,4.915,119.805,252.078
1112,PH201700000070,4.74242651908,119.501608319,R,10,527,4.745,119.405,10743.276
1113,PH201700000071,4.74963511801,119.401000534,R,10,527,4.745,119.405,511.667
1114,PH201700000152,8.96663776537,125.492271402,U,2,666,8.965,125.495,321.303
1115,PH201700000153,8.97571271868,125.517989786,U,2,672,8.975,125.515,335.622
1116,PH201700000154,8.95434864142,125.613050004,U,2,704,8.955,125.615,220.894
1117,PH201700000155,8.97210206506,125.50166362,R,10,670,8.975,125.505,415.516
1118,PH201700000156,8.94118602782,125.584738155,U,2,693,8.945,125.585,248.496
1119,PH201700000157,8.96949050709,125.545275864,U,2,678,8.965,125.545,291.894
1120,PH201700000158,8.94952860854,125.531220181,U,2,676,8.945,125.535,512.148
1121,PH201700000159,8.80501694786,125.589556583,R,10,692,8.805,125.585,506.67
1122,PH201700000160,9.16793890512,125.534723671,R,10,677,9.165,125.535,192.4
1123,PH201700000161,9.14718620822,125.561599516,R,10,685,9.145,125.565,403.685
1124,PH201700000162,9.08697929606,125.596660557,R,10,697,9.085,125.595,224.733
1125,PH201700000163,8.97388848553,125.416310941,U,2,657,8.975,125.415,162.416
1126,PH201700000164,8.93203500927,125.296125156,R,10,644,8.935,125.295,227.906
1127,PH201700000165,8.73325004673,125.659973879,R,10,708,8.735,125.655,564.582
1128,PH201700000166,9.05648737174,125.558922669,R,10,683,9.055,125.555,446.658
1129,PH201700000167,9.08018839873,125.543351369,R,10,679,9.085,125.545,361.031
1130,PH201700000168,9.25161198938,125.560389162,U,2,686,9.255,125.565,557.557
1131,PH201700000169,8.96957719136,125.340695482,U,2,652,8.965,125.345,561.942
1133,PH201700000171,8.72223063035,125.595686445,R,10,696,8.725,125.595,194.814
1134,PH201700000172,8.486732387,125.858724161,U,2,734,8.485,125.855,429.206
1135,PH201700000173,8.45441663822,125.772253861,R,10,724,8.455,125.775,307.702
1136,PH201700000174,8.8781392524,125.850056334,R,10,735,8.875,125.855,586.499
1137,PH201700000175,8.19268585834,125.800041001,R,10,731,8.195,125.805,571.593
1138,PH201700000176,8.0866372597,126.00635177,R,10,743,8.085,126.005,184.519
1139,PH201700000177,8.03636692621,125.916773009,U,2,738,8.035,125.915,216.373
1140,PH201700000178,8.70567069393,125.751666284,U,2,721,8.705,125.755,373.245
1141,PH201700000179,8.41686260788,125.796495207,R,10,728,8.415,125.795,205.711
1142,PH201700000180,8.39099587334,125.798855409,R,10,727,8.395,125.795,501.605
1143,PH201700000181,8.39067092201,126.004235106,R,10,744,8.395,126.005,295.48
1145,PH201700000183,8.11469440885,125.940242994,R,10,741,8.115,125.945,529.331
1146,PH201700000184,10.3132624364,125.551620213,R,10,681,10.315,125.555,392.247
1147,PH201700000185,10.0128241086,125.579397369,R,10,688,10.015,125.575,508.824
1149,PH201700000187,10.0873777233,125.585437623,R,10,689,10.085,125.585,161.365
1150,PH201700000188,10.0084029286,125.57173359,U,2,688,10.015,125.575,560.385
1151,PH201700000189,9.94801617563,125.552784019,R,10,700,9.995,125.605,6553.694
1152,PH201700000190,10.1769771856,125.550041967,R,10,680,10.175,125.555,565.935
1153,PH201700000191,9.99764318449,125.601238646,R,10,700,9.995,125.605,451.89
1155,PH201700000193,10.0672942261,125.597925723,R,10,695,10.065,125.595,357.612
1156,PH201700000194,10.1107572197,125.50748318,R,10,669,10.115,125.505,388.997
1158,PH201700000196,9.79256490934,125.490207577,U,2,668,9.785,125.495,722.84
1159,PH201700000197,9.76368330052,125.494032372,R,10,667,9.765,125.495,137.125
1160,PH201700000198,9.74868140217,125.52112666,R,10,674,9.745,125.525,492.006
1161,PH201700000199,9.88979297347,126.105683041,R,10,751,9.885,126.105,323.108
1162,PH201700000200,9.5416186199,125.565754052,R,10,687,9.545,125.565,234.212
1163,PH201700000201,9.69739217678,125.589144746,R,10,694,9.695,125.585,486.176
1164,PH201700000202,9.78889814088,125.495246043,U,2,668,9.785,125.495,253.16
1165,PH201700000203,9.79602756571,125.466835256,R,10,664,9.795,125.465,214.57
1166,PH201700000204,9.77228274283,126.123101188,R,10,755,9.775,126.125,276.239
1167,PH201700000205,9.5408663318,125.558357994,R,10,684,9.545,125.555,459.199
1168,PH201700000206,9.62030941705,125.513024324,R,10,673,9.625,125.515,374.244
1169,PH201700000207,9.48720454402,125.762723627,R,10,723,9.485,125.765,290.854
1170,PH201700000208,9.01652567378,126.230449273,U,2,757,9.045,126.205,3392.301
1171,PH201700000209,8.91443720093,125.973521499,R,10,742,8.915,125.975,168.462
1172,PH201700000210,8.89059273789,126.312906075,R,10,763,8.895,126.315,372.075
1173,PH201700000211,8.17414178041,126.346914151,U,2,765,8.175,126.345,220.23
1174,PH201700000212,8.69415165038,126.115804894,U,2,752,8.695,126.115,105.365
1175,PH201700000213,8.50171989104,126.338733522,R,10,764,8.505,126.335,468.032
1176,PH201700000214,9.04343280234,126.207610217,R,10,757,9.045,126.205,307.956
1177,PH201700000215,9.20956228624,126.034055869,R,10,746,9.205,126.035,316.359
1178,PH201700000216,8.90911406504,126.277502185,R,10,760,8.905,126.275,388.169
1179,PH201700000217,8.5335755985,126.124537799,U,2,754,8.535,126.125,106.585
1180,PH201700000218,8.50176664257,126.239084273,R,10,759,8.505,126.235,501.419
1181,PH201700000219,8.42398361161,126.285734746,R,10,762,8.425,126.285,105.586
1182,PH201700000659,13.4721920052,122.034071609,R,10,475,13.475,122.035,195.158
1183,PH201700000660,13.4457166092,121.858361985,R,10,432,13.445,121.855,376.194
1184,PH201700000661,13.530697642,122.131369444,R,10,475,13.475,122.035,11209.347
1185,PH201700000662,13.4347622295,121.840916636,R,10,431,13.435,121.845,454.264
1186,PH201700000663,13.2634457676,121.983538857,R,10,464,13.265,121.985,186.486
1187,PH201700000664,13.3357910384,122.0535393,R,10,478,13.335,122.055,168.998
1188,PH201700000665,13.4683901786,121.838170576,R,10,428,13.465,121.835,404.765
1189,PH201700000666,13.5297378761,121.880974692,R,10,436,13.525,121.885,527.039
1190,PH201700000667,13.4866666069,121.937200793,R,10,442,13.485,121.935,263.621
1191,PH201700000668,13.4468566947,121.821556589,R,10,426,13.445,121.825,398.065
1192,PH201700000669,13.2421861717,121.96218747,R,10,456,13.245,121.965,353.893
1193,PH201700000670,13.3608912636,122.123075017,R,10,494,13.365,122.125,323.787
1194,PH201700000671,13.2301626648,120.595283021,R,10,76,13.235,120.595,275.57
1195,PH201700000672,13.2196102379,120.65344501,U,2,97,13.215,120.655,313.386
1196,PH201700000673,13.0193773295,120.806273927,U,2,132,13.015,120.805,286.709
1197,PH201700000674,12.3764744108,121.068533337,U,2,265,12.375,121.065,401.895
1198,PH201700000675,12.3827694362,121.031434819,U,2,233,12.385,121.035,416.541
1199,PH201700000676,12.285439991,121.124258826,U,2,304,12.285,121.125,86.208
1200,PH201700000677,12.8627477862,120.816393097,R,10,135,12.865,120.815,201.133
1201,PH201700000678,12.7215277749,120.854296324,U,2,140,12.725,120.855,212.912
1202,PH201700000679,12.9455214918,120.909369537,U,2,152,12.945,120.905,486.782
1203,PH201700000680,12.5087265685,120.954944827,R,10,168,12.505,120.955,213.228
1204,PH201700000681,12.429399359,121.004801914,U,2,203,12.425,121.005,252.946
1205,PH201700000682,12.3769501384,121.248201983,R,10,338,12.375,121.245,373.39
1206,PH201700000683,13.4068631614,121.211216279,R,10,332,13.405,121.215,434.213
1207,PH201700000684,13.2547751112,121.258209816,R,10,341,13.255,121.255,357.151
1208,PH201700000685,13.4145682666,121.177303028,R,10,328,13.415,121.175,257.288
1209,PH201700000686,12.9600582285,121.486539526,R,10,381,12.965,121.485,334.174
1210,PH201700000687,12.5922481142,121.515873194,U,2,384,12.595,121.515,187.116
1211,PH201700000688,12.874923651,121.46611757,R,10,374,12.875,121.465,124.347
1212,PH201700000689,13.1405844935,121.253709108,R,10,340,13.145,121.255,292.398
1213,PH201700000690,13.4237544753,121.001075393,R,10,204,13.425,121.005,442.189
1214,PH201700000691,13.4059477646,121.162405526,U,2,320,13.405,121.165,293.602
1215,PH201700000692,12.7327658902,121.485354098,R,10,380,12.735,121.485,135.588
1216,PH201700000693,12.5875593524,121.494428294,R,10,383,12.585,121.495,161.695
1217,PH201700000694,12.6082243574,121.544482037,R,10,392,12.605,121.545,196.214
1218,PH201700000695,9.79471169494,118.72889613,U,2,520,9.795,118.725,433.504
1219,PH201700000696,9.78182070263,118.74081487,U,2,522,9.785,118.745,495.445
1220,PH201700000697,9.78150040615,118.718186877,U,2,519,9.785,118.715,400.665
1221,PH201700000698,9.99895592839,118.773912341,R,10,525,9.995,118.775,243.847
1222,PH201700000699,9.74065024029,118.764655725,U,2,524,9.745,118.765,235.877
1223,PH201700000700,9.7376324926,118.756549519,U,2,523,9.735,118.755,222.525
1224,PH201700000701,9.73033439846,118.752636947,U,2,523,9.735,118.755,362.387
1225,PH201700000702,9.73263414087,118.732776556,R,10,521,9.735,118.735,277.705
1226,PH201700000703,10.5331016473,119.259594076,U,2,526,10.535,119.255,521.151
1227,PH201700000704,10.499191883,119.864072523,R,10,536,10.495,119.865,253.984
1228,PH201700000705,11.1045144955,119.463799874,R,10,529,11.105,119.465,136.064
1229,PH201700000706,9.24069035538,117.99718948,U,2,518,9.205,117.935,7161.209
1230,PH201700000707,8.75801220268,117.686375195,R,10,546,8.755,117.685,218.176
1231,PH201700000708,8.66991478112,117.537491417,R,10,545,8.665,117.535,374.94
1232,PH201700000709,11.2146881734,119.466245436,R,10,530,11.215,119.465,139.533
1233,PH201700000710,11.9557805012,120.236963644,R,10,7,11.955,120.235,222.678
1234,PH201700000711,11.0135744844,119.411715107,R,10,528,11.015,119.415,373.467
1235,PH201700000712,8.87442170193,117.885839081,U,2,517,8.875,117.885,98.029
1236,PH201700000713,8.53461805222,117.425850959,U,2,544,8.535,117.425,96.623
1237,PH201700000714,9.20108380864,117.930622011,U,2,518,9.205,117.935,527.82
1238,PH201700000715,12.3754635695,122.015710847,R,10,470,12.375,122.015,83.633
1239,PH201700000716,12.2857629637,122.056379695,R,10,477,12.285,122.055,159.886
1240,PH201700000717,12.3786946643,121.957575922,R,10,452,12.375,121.955,359.614
1241,PH201700000718,12.3129503699,122.604820612,R,10,803,12.315,122.605,124.416
1242,PH201700000719,12.4730116019,122.519149652,R,10,785,12.475,122.515,476.481
1243,PH201700000720,12.4821483659,122.518440114,R,10,786,12.485,122.515,418.78
1244,PH201700000721,12.3806820059,121.947158065,R,10,448,12.385,121.945,349.465
1245,PH201700000722,12.48041205,122.014801244,R,10,471,12.485,122.015,271.356
1246,PH201700000723,12.3321124852,121.948492001,R,10,447,12.335,121.945,423.833
1247,PH201700000724,12.8251628522,122.082036327,R,10,471,12.485,122.015,21410.474
1248,PH201700000725,12.5065134138,122.30896222,R,10,510,12.505,122.305,449.665
1249,PH201700000726,12.3596170781,122.64182335,R,10,803,12.315,122.605,4890.733
